name,classfication,type1,type2,abilities,hp,attack,defense,sp_attack,sp_defense,speed,base_total,height_m,weight_kg,generation,is_legendary
Bulbasaur,Seed Pokémon,grass,poison,"['Overgrow', 'Chlorophyll']",45,49,49,65,65,45,318,0.7,6.9,1,0
Ivysaur,Seed Pokémon,grass,poison,"['Overgrow', 'Chlorophyll']",60,62,63,80,80,60,405,1.0,13.0,1,0
Venusaur,Seed Pokémon,grass,poison,"['Overgrow', 'Chlorophyll']",80,100,123,122,120,80,625,2.0,100.0,1,0
Charmander,Lizard Pokémon,fire,,"['Blaze', 'Solar Power']",39,52,43,60,50,65,309,0.6,8.5,1,0
Charmeleon,Flame Pokémon,fire,,"['Blaze', 'Solar Power']",58,64,58,80,65,80,405,1.1,19.0,1,0
Charizard,Flame Pokémon,fire,flying,"['Blaze', 'Solar Power']",78,104,78,159,115,100,634,1.7,90.5,1,0
Squirtle,Tiny Turtle Pokémon,water,,"['Torrent', 'Rain Dish']",44,48,65,50,64,43,314,0.5,9.0,1,0
Wartortle,Turtle Pokémon,water,,"['Torrent', 'Rain Dish']",59,63,80,65,80,58,405,1.0,22.5,1,0
Blastoise,Shellfish Pokémon,water,,"['Torrent', 'Rain Dish']",79,103,120,135,115,78,630,1.6,85.5,1,0
Caterpie,Worm Pokémon,bug,,"['Shield Dust', 'Run Away']",45,30,35,20,20,45,195,0.3,2.9,1,0
Metapod,Cocoon Pokémon,bug,,['Shed Skin'],50,20,55,25,25,30,205,0.7,9.9,1,0
Butterfree,Butterfly Pokémon,bug,flying,"['Compoundeyes', 'Tinted Lens']",60,45,50,90,80,70,395,1.1,32.0,1,0
Weedle,Hairy Pokémon,bug,poison,"['Shield Dust', 'Run Away']",40,35,30,20,20,50,195,0.3,3.2,1,0
Kakuna,Cocoon Pokémon,bug,poison,['Shed Skin'],45,25,50,25,25,35,205,0.6,10.0,1,0
Beedrill,Poison Bee Pokémon,bug,poison,"['Swarm', 'Sniper']",65,150,40,15,80,145,495,1.0,29.5,1,0
Pidgey,Tiny Bird Pokémon,normal,flying,"['Keen Eye', 'Tangled Feet', 'Big Pecks']",40,45,40,35,35,56,251,0.3,1.8,1,0
Pidgeotto,Bird Pokémon,normal,flying,"['Keen Eye', 'Tangled Feet', 'Big Pecks']",63,60,55,50,50,71,349,1.1,30.0,1,0
Pidgeot,Bird Pokémon,normal,flying,"['Keen Eye', 'Tangled Feet', 'Big Pecks']",83,80,80,135,80,121,579,1.5,39.5,1,0
Rattata,Mouse Pokémon,normal,dark,"['Run Away', 'Guts', 'Hustle', 'Gluttony', 'Hustle', 'Thick Fat']",30,56,35,25,35,72,253,,,1,0
Raticate,Mouse Pokémon,normal,dark,"['Run Away', 'Guts', 'Hustle', 'Gluttony', 'Hustle', 'Thick Fat']",75,71,70,40,80,77,413,,,1,0
Spearow,Tiny Bird Pokémon,normal,flying,"['Keen Eye', 'Sniper']",40,60,30,31,31,70,262,0.3,2.0,1,0
Fearow,Beak Pokémon,normal,flying,"['Keen Eye', 'Sniper']",65,90,65,61,61,100,442,1.2,38.0,1,0
Ekans,Snake Pokémon,poison,,"['Intimidate', 'Shed Skin', 'Unnerve']",35,60,44,40,54,55,288,2.0,6.9,1,0
Arbok,Cobra Pokémon,poison,,"['Intimidate', 'Shed Skin', 'Unnerve']",60,95,69,65,79,80,448,3.5,65.0,1,0
Pikachu,Mouse Pokémon,electric,,"['Static', 'Lightningrod']",35,55,40,50,50,90,320,0.4,6.0,1,0
Raichu,Mouse Pokémon,electric,electric,"['Static', 'Lightningrod', 'Surge Surfer']",60,85,50,95,85,110,485,,,1,0
Sandshrew,Mouse Pokémon,ground,ice,"['Sand Veil', 'Sand Rush', 'Snow Cloak', 'Slush Rush']",50,75,90,10,35,40,300,,,1,0
Sandslash,Mouse Pokémon,ground,ice,"['Sand Veil', 'Sand Rush', 'Snow Cloak', 'Slush Rush']",75,100,120,25,65,65,450,,,1,0
Nidoran♀,Poison Pin Pokémon,poison,,"['Poison Point', 'Rivalry', 'Hustle']",55,47,52,40,40,41,275,0.4,7.0,1,0
Nidorina,Poison Pin Pokémon,poison,,"['Poison Point', 'Rivalry', 'Hustle']",70,62,67,55,55,56,365,0.8,20.0,1,0
Nidoqueen,Drill Pokémon,poison,ground,"['Poison Point', 'Rivalry', 'Sheer Force']",90,92,87,75,85,76,505,1.3,60.0,1,0
Nidoran♂,Poison Pin Pokémon,poison,,"['Poison Point', 'Rivalry', 'Hustle']",46,57,40,40,40,50,273,0.5,9.0,1,0
Nidorino,Poison Pin Pokémon,poison,,"['Poison Point', 'Rivalry', 'Hustle']",61,72,57,55,55,65,365,0.9,19.5,1,0
Nidoking,Drill Pokémon,poison,ground,"['Poison Point', 'Rivalry', 'Sheer Force']",81,102,77,85,75,85,505,1.4,62.0,1,0
Clefairy,Fairy Pokémon,fairy,,"['Cute Charm', 'Magic Guard', 'Friend Guard']",70,45,48,60,65,35,323,0.6,7.5,1,0
Clefable,Fairy Pokémon,fairy,,"['Cute Charm', 'Magic Guard', 'Unaware']",95,70,73,95,90,60,483,1.3,40.0,1,0
Vulpix,Fox Pokémon,fire,ice,"['Flash Fire', 'Drought', 'Snow Cloak', 'Snow Warning']",38,41,40,50,65,65,299,,,1,0
Ninetales,Fox Pokémon,fire,ice,"['Flash Fire', 'Drought', 'Snow Cloak', 'Snow Warning']",73,67,75,81,100,109,505,,,1,0
Jigglypuff,Balloon Pokémon,normal,fairy,"['Cute Charm', 'Competitive', 'Friend Guard']",115,45,20,45,25,20,270,0.5,5.5,1,0
Wigglytuff,Balloon Pokémon,normal,fairy,"['Cute Charm', 'Competitive', 'Frisk']",140,70,45,85,50,45,435,1.0,12.0,1,0
Zubat,Bat Pokémon,poison,flying,"['Inner Focus', 'Infiltrator']",40,45,35,30,40,55,245,0.8,7.5,1,0
Golbat,Bat Pokémon,poison,flying,"['Inner Focus', 'Infiltrator']",75,80,70,65,75,90,455,1.6,55.0,1,0
Oddish,Weed Pokémon,grass,poison,"['Chlorophyll', 'Run Away']",45,50,55,75,65,30,320,0.5,5.4,1,0
Gloom,Weed Pokémon,grass,poison,"['Chlorophyll', 'Stench']",60,65,70,85,75,40,395,0.8,8.6,1,0
Vileplume,Flower Pokémon,grass,poison,"['Chlorophyll', 'Effect Spore']",75,80,85,110,90,50,490,1.2,18.6,1,0
Paras,Mushroom Pokémon,bug,grass,"['Effect Spore', 'Dry Skin', 'Damp']",35,70,55,45,55,25,285,0.3,5.4,1,0
Parasect,Mushroom Pokémon,bug,grass,"['Effect Spore', 'Dry Skin', 'Damp']",60,95,80,60,80,30,405,1.0,29.5,1,0
Venonat,Insect Pokémon,bug,poison,"['Compoundeyes', 'Tinted Lens', 'Run Away']",60,55,50,40,55,45,305,1.0,30.0,1,0
Venomoth,Poison Moth Pokémon,bug,poison,"['Shield Dust', 'Tinted Lens', 'Wonder Skin ']",70,65,60,90,75,90,450,1.5,12.5,1,0
Diglett,Mole Pokémon,ground,ground,"['Sand Veil', 'Arena Trap', 'Sand Force', 'Sand Veil', 'Tangling Hair', 'Sand Force']",10,55,30,35,45,90,265,,,1,0
Dugtrio,Mole Pokémon,ground,ground,"['Sand Veil', 'Arena Trap', 'Sand Force', 'Sand Veil', 'Tangling Hair', 'Sand Force']",35,100,60,50,70,110,425,,,1,0
Meowth,Scratch Cat Pokémon,normal,dark,"['Pickup', 'Technician', 'Unnerve', 'Pickup', 'Technician', 'Rattled']",40,35,35,50,40,90,290,,,1,0
Persian,Classy Cat Pokémon,normal,dark,"['Limber', 'Technician', 'Unnerve', 'Fur Coat', 'Technician', 'Rattled']",65,60,60,75,65,115,440,,,1,0
Psyduck,Duck Pokémon,water,,"['Damp', 'Cloud Nine', 'Swift Swim']",50,52,48,65,50,55,320,0.8,19.6,1,0
Golduck,Duck Pokémon,water,,"['Damp', 'Cloud Nine', 'Swift Swim']",80,82,78,95,80,85,500,1.7,76.6,1,0
Mankey,Pig Monkey Pokémon,fighting,,"['Vital Spirit', 'Anger Point', 'Defiant']",40,80,35,35,45,70,305,0.5,28.0,1,0
Primeape,Pig Monkey Pokémon,fighting,,"['Vital Spirit', 'Anger Point', 'Defiant']",65,105,60,60,70,95,455,1.0,32.0,1,0
Growlithe,Puppy Pokémon,fire,,"['Intimidate', 'Flash Fire', 'Justified']",55,70,45,70,50,60,350,0.7,19.0,1,0
Arcanine,Legendary Pokémon,fire,,"['Intimidate', 'Flash Fire', 'Justified']",90,110,80,100,80,95,555,1.9,155.0,1,0
Poliwag,Tadpole Pokémon,water,,"['Water Absorb', 'Damp', 'Swift Swim']",40,50,40,40,40,90,300,0.6,12.4,1,0
Poliwhirl,Tadpole Pokémon,water,,"['Water Absorb', 'Damp', 'Swift Swim']",65,65,65,50,50,90,385,1.0,20.0,1,0
Poliwrath,Tadpole Pokémon,water,fighting,"['Water Absorb', 'Damp', 'Swift Swim']",90,95,95,70,90,70,510,1.3,54.0,1,0
Abra,Psi Pokémon,psychic,,"['Synchronize', 'Inner Focus', 'Magic Guard']",25,20,15,105,55,90,310,0.9,19.5,1,0
Kadabra,Psi Pokémon,psychic,,"['Synchronize', 'Inner Focus', 'Magic Guard']",40,35,30,120,70,105,400,1.3,56.5,1,0
Alakazam,Psi Pokémon,psychic,,"['Synchronize', 'Inner Focus', 'Magic Guard']",55,50,65,175,105,150,600,1.5,48.0,1,0
Machop,Superpower Pokémon,fighting,,"['Guts', 'No Guard', 'Steadfast']",70,80,50,35,35,35,305,0.8,19.5,1,0
Machoke,Superpower Pokémon,fighting,,"['Guts', 'No Guard', 'Steadfast']",80,100,70,50,60,45,405,1.5,70.5,1,0
Machamp,Superpower Pokémon,fighting,,"['Guts', 'No Guard', 'Steadfast']",90,130,80,65,85,55,505,1.6,130.0,1,0
Bellsprout,Flower Pokémon,grass,poison,"['Chlorophyll', 'Gluttony']",50,75,35,70,30,40,300,0.7,4.0,1,0
Weepinbell,Flycatcher Pokémon,grass,poison,"['Chlorophyll', 'Gluttony']",65,90,50,85,45,55,390,1.0,6.4,1,0
Victreebel,Flycatcher Pokémon,grass,poison,"['Chlorophyll', 'Gluttony']",80,105,65,100,70,70,490,1.7,15.5,1,0
Tentacool,Jellyfish Pokémon,water,poison,"['Clear Body', 'Liquid Ooze', 'Rain Dish']",40,40,35,50,100,70,335,0.9,45.5,1,0
Tentacruel,Jellyfish Pokémon,water,poison,"['Clear Body', 'Liquid Ooze', 'Rain Dish']",80,70,65,80,120,100,515,1.6,55.0,1,0
Geodude,Rock Pokémon,rock,ground,"['Rock Head', 'Sturdy', 'Sand Veil', 'Magnet Pull', 'Sturdy', 'Galvanize']",40,80,100,30,30,20,300,,,1,0
Graveler,Rock Pokémon,rock,ground,"['Rock Head', 'Sturdy', 'Sand Veil', 'Magnet Pull', 'Sturdy', 'Galvanize']",55,95,115,45,45,35,390,,,1,0
Golem,Megaton Pokémon,rock,ground,"['Rock Head', 'Sturdy', 'Sand Veil', 'Magnet Pull', 'Sturdy', 'Galvanize']",80,120,130,55,65,45,495,,,1,0
Ponyta,Fire Horse Pokémon,fire,,"['Run Away', 'Flash Fire', 'Flame Body']",50,85,55,65,65,90,410,1.0,30.0,1,0
Rapidash,Fire Horse Pokémon,fire,,"['Run Away', 'Flash Fire', 'Flame Body']",65,100,70,80,80,105,500,1.7,95.0,1,0
Slowpoke,Dopey Pokémon,water,psychic,"['Oblivious', 'Own Tempo', 'Regenerator']",90,65,65,40,40,15,315,1.2,36.0,1,0
Slowbro,Hermit Crab Pokémon,water,psychic,"['Oblivious', 'Own Tempo', 'Regenerator']",95,75,180,130,80,30,590,1.6,78.5,1,0
Magnemite,Magnet Pokémon,electric,steel,"['Magnet Pull', 'Sturdy', 'Analytic']",25,35,70,95,55,45,325,0.3,6.0,1,0
Magneton,Magnet Pokémon,electric,steel,"['Magnet Pull', 'Sturdy', 'Analytic']",50,60,95,120,70,70,465,1.0,60.0,1,0
Farfetch'd,Wild Duck Pokémon,normal,flying,"['Keen Eye', 'Inner Focus', 'Defiant']",52,90,55,58,62,60,377,0.8,15.0,1,0
Doduo,Twin Bird Pokémon,normal,flying,"['Run Away', 'Early Bird', 'Tangled Feet']",35,85,45,35,35,75,310,1.4,39.2,1,0
Dodrio,Triple Bird Pokémon,normal,flying,"['Run Away', 'Early Bird', 'Tangled Feet']",60,110,70,60,60,110,470,1.8,85.2,1,0
Seel,Sea Lion Pokémon,water,,"['Thick Fat', 'Hydration', 'Ice Body']",65,45,55,45,70,45,325,1.1,90.0,1,0
Dewgong,Sea Lion Pokémon,water,ice,"['Thick Fat', 'Hydration', 'Ice Body']",90,70,80,70,95,70,475,1.7,120.0,1,0
Grimer,Sludge Pokémon,poison,poison,"['Stench', 'Sticky Hold', 'Poison Touch', 'Poison Touch', 'Gluttony', 'Power of Alchemy']",80,80,50,40,50,25,325,,,1,0
Muk,Sludge Pokémon,poison,poison,"['Stench', 'Sticky Hold', 'Poison Touch', 'Poison Touch', 'Gluttony', 'Power of Alchemy']",105,105,75,65,100,50,500,,,1,0
Shellder,Bivalve Pokémon,water,,"['Shell Armor', 'Skill Link', 'Overcoat']",30,65,100,45,25,40,305,0.3,4.0,1,0
Cloyster,Bivalve Pokémon,water,ice,"['Shell Armor', 'Skill Link', 'Overcoat']",50,95,180,85,45,70,525,1.5,132.5,1,0
Gastly,Gas Pokémon,ghost,poison,['Levitate'],30,35,30,100,35,80,310,1.3,0.1,1,0
Haunter,Gas Pokémon,ghost,poison,['Levitate'],45,50,45,115,55,95,405,1.6,0.1,1,0
Gengar,Shadow Pokémon,ghost,poison,['Cursed Body'],60,65,80,170,95,130,600,1.5,40.5,1,0
Onix,Rock Snake Pokémon,rock,ground,"['Rock Head', 'Sturdy', 'Weak Armor']",35,45,160,30,45,70,385,8.8,210.0,1,0
Drowzee,Hypnosis Pokémon,psychic,,"['Insomnia', 'Forewarn', 'Inner Focus']",60,48,45,43,90,42,328,1.0,32.4,1,0
Hypno,Hypnosis Pokémon,psychic,,"['Insomnia', 'Forewarn', 'Inner Focus']",85,73,70,73,115,67,483,1.6,75.6,1,0
Krabby,River Crab Pokémon,water,,"['Hyper Cutter', 'Shell Armor', 'Sheer Force']",30,105,90,25,25,50,325,0.4,6.5,1,0
Kingler,Pincer Pokémon,water,,"['Hyper Cutter', 'Shell Armor', 'Sheer Force']",55,130,115,50,50,75,475,1.3,60.0,1,0
Voltorb,Ball Pokémon,electric,,"['Soundproof', 'Static', 'Aftermath']",40,30,50,55,55,100,330,0.5,10.4,1,0
Electrode,Ball Pokémon,electric,,"['Soundproof', 'Static', 'Aftermath']",60,50,70,80,80,150,490,1.2,66.6,1,0
Exeggcute,Egg Pokémon,grass,psychic,"['Chlorophyll', 'Harvest']",60,40,80,60,45,40,325,0.4,2.5,1,0
Exeggutor,Coconut Pokémon,grass,psychic,"['Chlorophyll', 'Harvest', 'Frisk', 'Harvest']",95,105,85,125,75,45,530,,,1,0
Cubone,Lonely Pokémon,ground,,"['Rock Head', 'Lightningrod', 'Battle Armor']",50,50,95,40,50,35,320,0.4,6.5,1,0
Marowak,Bone Keeper Pokémon,ground,fire,"['Rock Head', 'Lightningrod', 'Battle Armor', 'Cursed Body', 'Lightningrod', 'Rock Head']",60,80,110,50,80,45,425,,,1,0
Hitmonlee,Kicking Pokémon,fighting,,"['Limber', 'Reckless', 'Unburden']",50,120,53,35,110,87,455,1.5,49.8,1,0
Hitmonchan,Punching Pokémon,fighting,,"['Keen Eye', 'Iron Fist', 'Inner Focus']",50,105,79,35,110,76,455,1.4,50.2,1,0
Lickitung,Licking Pokémon,normal,,"['Own Tempo', 'Oblivious', 'Cloud Nine']",90,55,75,60,75,30,385,1.2,65.5,1,0
Koffing,Poison Gas Pokémon,poison,,['Levitate'],40,65,95,60,45,35,340,0.6,1.0,1,0
Weezing,Poison Gas Pokémon,poison,,['Levitate'],65,90,120,85,70,60,490,1.2,9.5,1,0
Rhyhorn,Spikes Pokémon,ground,rock,"['Lightningrod', 'Rock Head', 'Reckless']",80,85,95,30,30,25,345,1.0,115.0,1,0
Rhydon,Drill Pokémon,ground,rock,"['Lightningrod', 'Rock Head', 'Reckless']",105,130,120,45,45,40,485,1.9,120.0,1,0
Chansey,Egg Pokémon,normal,,"['Natural Cure', 'Serene Grace', 'Healer']",250,5,5,35,105,50,450,1.1,34.6,1,0
Tangela,Vine Pokémon,grass,,"['Chlorophyll', 'Leaf Guard', 'Regenerator']",65,55,115,100,40,60,435,1.0,35.0,1,0
Kangaskhan,Parent Pokémon,normal,,"['Early Bird', 'Scrappy', 'Inner Focus']",105,125,100,60,100,100,590,2.2,80.0,1,0
Horsea,Dragon Pokémon,water,,"['Swift Swim', 'Sniper', 'Damp']",30,40,70,70,25,60,295,0.4,8.0,1,0
Seadra,Dragon Pokémon,water,,"['Poison Point', 'Sniper', 'Damp']",55,65,95,95,45,85,440,1.2,25.0,1,0
Goldeen,Goldfish Pokémon,water,,"['Swift Swim', 'Water Veil', 'Lightningrod']",45,67,60,35,50,63,320,0.6,15.0,1,0
Seaking,Goldfish Pokémon,water,,"['Swift Swim', 'Water Veil', 'Lightningrod']",80,92,65,65,80,68,450,1.3,39.0,1,0
Staryu,Starshape Pokémon,water,,"['Illuminate', 'Natural Cure', 'Analytic']",30,45,55,70,55,85,340,0.8,34.5,1,0
Starmie,Mysterious Pokémon,water,psychic,"['Illuminate', 'Natural Cure', 'Analytic']",60,75,85,100,85,115,520,1.1,80.0,1,0
Mr. Mime,Barrier Pokémon,psychic,fairy,"['Soundproof', 'Filter', 'Technician']",40,45,65,100,120,90,460,1.3,54.5,1,0
Scyther,Mantis Pokémon,bug,flying,"['Swarm', 'Technician', 'Steadfast']",70,110,80,55,80,105,500,1.5,56.0,1,0
Jynx,Humanshape Pokémon,ice,psychic,"['Oblivious', 'Forewarn', 'Dry Skin']",65,50,35,115,95,95,455,1.4,40.6,1,0
Electabuzz,Electric Pokémon,electric,,"['Static', 'Vital Spirit']",65,83,57,95,85,105,490,1.1,30.0,1,0
Magmar,Spitfire Pokémon,fire,,"['Flame Body', 'Vital Spirit']",65,95,57,100,85,93,495,1.3,44.5,1,0
Pinsir,Stagbeetle Pokémon,bug,,"['Hyper Cutter', 'Mold Breaker', 'Moxie']",65,155,120,65,90,105,600,1.5,55.0,1,0
Tauros,Wild Bull Pokémon,normal,,"['Intimidate', 'Anger Point', 'Sheer Force']",75,100,95,40,70,110,490,1.4,88.4,1,0
Magikarp,Fish Pokémon,water,,"['Swift Swim', 'Rattled']",20,10,55,15,20,80,200,0.9,10.0,1,0
Gyarados,Atrocious Pokémon,water,flying,"['Intimidate', 'Moxie']",95,155,109,70,130,81,640,6.5,235.0,1,0
Lapras,Transport Pokémon,water,ice,"['Water Absorb', 'Shell Armor', 'Hydration']",130,85,80,85,95,60,535,2.5,220.0,1,0
Ditto,Transform Pokémon,normal,,"['Limber', 'Imposter']",48,48,48,48,48,48,288,0.3,4.0,1,0
Eevee,Evolution Pokémon,normal,,"['Run Away', 'Adaptability', 'Anticipation']",55,55,50,45,65,55,325,0.3,6.5,1,0
Vaporeon,Bubble Jet Pokémon,water,,"['Water Absorb', 'Hydration']",130,65,60,110,95,65,525,1.0,29.0,1,0
Jolteon,Lightning Pokémon,electric,,"['Volt Absorb', 'Quick Feet']",65,65,60,110,95,130,525,0.8,24.5,1,0
Flareon,Flame Pokémon,fire,,"['Flash Fire', 'Guts']",65,130,60,95,110,65,525,0.9,25.0,1,0
Porygon,Virtual Pokémon,normal,,"['Trace', 'Download', 'Analytic']",65,60,70,85,75,40,395,0.8,36.5,1,0
Omanyte,Spiral Pokémon,rock,water,"['Swift Swim', 'Shell Armor', 'Weak Armor']",35,40,100,90,55,35,355,0.4,7.5,1,0
Omastar,Spiral Pokémon,rock,water,"['Swift Swim', 'Shell Armor', 'Weak Armor']",70,60,125,115,70,55,495,1.0,35.0,1,0
Kabuto,Shellfish Pokémon,rock,water,"['Swift Swim', 'Battle Armor', 'Weak Armor']",30,80,90,55,45,55,355,0.5,11.5,1,0
Kabutops,Shellfish Pokémon,rock,water,"['Swift Swim', 'Battle Armor', 'Weak Armor']",60,115,105,65,70,80,495,1.3,40.5,1,0
Aerodactyl,Fossil Pokémon,rock,flying,"['Rock Head', 'Pressure', 'Unnerve']",80,135,85,70,95,150,615,1.8,59.0,1,0
Snorlax,Sleeping Pokémon,normal,,"['Immunity', 'Thick Fat', 'Gluttony']",160,110,65,65,110,30,540,2.1,460.0,1,0
Articuno,Freeze Pokémon,ice,flying,"['Pressure', 'Snow Cloak']",90,85,100,95,125,85,580,1.7,55.4,1,1
Zapdos,Electric Pokémon,electric,flying,"['Pressure', 'Static']",90,90,85,125,90,100,580,1.6,52.6,1,1
Moltres,Flame Pokémon,fire,flying,"['Pressure', 'Flame Body']",90,100,90,125,85,90,580,2.0,60.0,1,1
Dratini,Dragon Pokémon,dragon,,"['Shed Skin', 'Marvel Scale']",41,64,45,50,50,50,300,1.8,3.3,1,0
Dragonair,Dragon Pokémon,dragon,,"['Shed Skin', 'Marvel Scale']",61,84,65,70,70,70,420,4.0,16.5,1,0
Dragonite,Dragon Pokémon,dragon,flying,"['Inner Focus', 'Multiscale']",91,134,95,100,100,80,600,2.2,210.0,1,0
Mewtwo,Genetic Pokémon,psychic,,"['Pressure', 'Unnerve']",106,150,70,194,120,140,780,2.0,122.0,1,1
Mew,New Species Pokémon,psychic,,['Synchronize'],100,100,100,100,100,100,600,0.4,4.0,1,1
Chikorita,Leaf Pokémon,grass,,"['Overgrow', 'Leaf Guard']",45,49,65,49,65,45,318,0.9,6.4,2,0
Bayleef,Leaf Pokémon,grass,,"['Overgrow', 'Leaf Guard']",60,62,80,63,80,60,405,1.2,15.8,2,0
Meganium,Herb Pokémon,grass,,"['Overgrow', 'Leaf Guard']",80,82,100,83,100,80,525,1.8,100.5,2,0
Cyndaquil,Fire Mouse Pokémon,fire,,"['Blaze', 'Flash Fire']",39,52,43,60,50,65,309,0.5,7.9,2,0
Quilava,Volcano Pokémon,fire,,"['Blaze', 'Flash Fire']",58,64,58,80,65,80,405,0.9,19.0,2,0
Typhlosion,Volcano Pokémon,fire,,"['Blaze', 'Flash Fire']",78,84,78,109,85,100,534,1.7,79.5,2,0
Totodile,Big Jaw Pokémon,water,,"['Torrent', 'Sheer Force']",50,65,64,44,48,43,314,0.6,9.5,2,0
Croconaw,Big Jaw Pokémon,water,,"['Torrent', 'Sheer Force']",65,80,80,59,63,58,405,1.1,25.0,2,0
Feraligatr,Big Jaw Pokémon,water,,"['Torrent', 'Sheer Force']",85,105,100,79,83,78,530,2.3,88.8,2,0
Sentret,Scout Pokémon,normal,,"['Run Away', 'Keen Eye', 'Frisk']",35,46,34,35,45,20,215,0.8,6.0,2,0
Furret,Long Body Pokémon,normal,,"['Run Away', 'Keen Eye', 'Frisk']",85,76,64,45,55,90,415,1.8,32.5,2,0
Hoothoot,Owl Pokémon,normal,flying,"['Insomnia', 'Keen Eye', 'Tinted Lens']",60,30,30,36,56,50,262,0.7,21.2,2,0
Noctowl,Owl Pokémon,normal,flying,"['Insomnia', 'Keen Eye', 'Tinted Lens']",100,50,50,86,96,70,452,1.6,40.8,2,0
Ledyba,Five Star Pokémon,bug,flying,"['Swarm', 'Early Bird', 'Rattled']",40,20,30,40,80,55,265,1.0,10.8,2,0
Ledian,Five Star Pokémon,bug,flying,"['Swarm', 'Early Bird', 'Iron Fist']",55,35,50,55,110,85,390,1.4,35.6,2,0
Spinarak,String Spit Pokémon,bug,poison,"['Swarm', 'Insomnia', 'Sniper']",40,60,40,40,40,30,250,0.5,8.5,2,0
Ariados,Long Leg Pokémon,bug,poison,"['Swarm', 'Insomnia', 'Sniper']",70,90,70,60,70,40,400,1.1,33.5,2,0
Crobat,Bat Pokémon,poison,flying,"['Inner Focus', 'Infiltrator']",85,90,80,70,80,130,535,1.8,75.0,2,0
Chinchou,Angler Pokémon,water,electric,"['Volt Absorb', 'Illuminate', 'Water Absorb']",75,38,38,56,56,67,330,0.5,12.0,2,0
Lanturn,Light Pokémon,water,electric,"['Volt Absorb', 'Illuminate', 'Water Absorb']",125,58,58,76,76,67,460,1.2,22.5,2,0
Pichu,Tiny Mouse Pokémon,electric,,"['Static', 'Lightningrod']",20,40,15,35,35,60,205,0.3,2.0,2,0
Cleffa,Star Shape Pokémon,fairy,,"['Cute Charm', 'Magic Guard', 'Friend Guard']",50,25,28,45,55,15,218,0.3,3.0,2,0
Igglybuff,Balloon Pokémon,normal,fairy,"['Cute Charm', 'Competitive', 'Friend Guard']",90,30,15,40,20,15,210,0.3,1.0,2,0
Togepi,Spike Ball Pokémon,fairy,,"['Hustle', 'Serene Grace', 'Super Luck']",35,20,65,40,65,20,245,0.3,1.5,2,0
Togetic,Happiness Pokémon,fairy,flying,"['Hustle', 'Serene Grace', 'Super Luck']",55,40,85,80,105,40,405,0.6,3.2,2,0
Natu,Little Bird Pokémon,psychic,flying,"['Synchronize', 'Early Bird', 'Magic Bounce']",40,50,45,70,45,70,320,0.2,2.0,2,0
Xatu,Mystic Pokémon,psychic,flying,"['Synchronize', 'Early Bird', 'Magic Bounce']",65,75,70,95,70,95,470,1.5,15.0,2,0
Mareep,Wool Pokémon,electric,,"['Static', 'Plus']",55,40,40,65,45,35,280,0.6,7.8,2,0
Flaaffy,Wool Pokémon,electric,,"['Static', 'Plus']",70,55,55,80,60,45,365,0.8,13.3,2,0
Ampharos,Light Pokémon,electric,,"['Static', 'Plus']",90,95,105,165,110,45,610,1.4,61.5,2,0
Bellossom,Flower Pokémon,grass,,"['Chlorophyll', 'Healer']",75,80,95,90,100,50,490,0.4,5.8,2,0
Marill,Aquamouse Pokémon,water,fairy,"['Thick Fat', 'Huge Power', 'Sap Sipper']",70,20,50,20,50,40,250,0.4,8.5,2,0
Azumarill,Aquarabbit Pokémon,water,fairy,"['Thick Fat', 'Huge Power', 'Sap Sipper']",100,50,80,60,80,50,420,0.8,28.5,2,0
Sudowoodo,Imitation Pokémon,rock,,"['Sturdy', 'Rock Head', 'Rattled']",70,100,115,30,65,30,410,1.2,38.0,2,0
Politoed,Frog Pokémon,water,,"['Water Absorb', 'Damp', 'Drizzle']",90,75,75,90,100,70,500,1.1,33.9,2,0
Hoppip,Cottonweed Pokémon,grass,flying,"['Chlorophyll', 'Leaf Guard', 'Infiltrator']",35,35,40,35,55,50,250,0.4,0.5,2,0
Skiploom,Cottonweed Pokémon,grass,flying,"['Chlorophyll', 'Leaf Guard', 'Infiltrator']",55,45,50,45,65,80,340,0.6,1.0,2,0
Jumpluff,Cottonweed Pokémon,grass,flying,"['Chlorophyll', 'Leaf Guard', 'Infiltrator']",75,55,70,55,95,110,460,0.8,3.0,2,0
Aipom,Long Tail Pokémon,normal,,"['Run Away', 'Pickup', 'Skill Link']",55,70,55,40,55,85,360,0.8,11.5,2,0
Sunkern,Seed Pokémon,grass,,"['Chlorophyll', 'Solar Power', 'Early Bird']",30,30,30,30,30,30,180,0.3,1.8,2,0
Sunflora,Sun Pokémon,grass,,"['Chlorophyll', 'Solar Power', 'Early Bird']",75,75,55,105,85,30,425,0.8,8.5,2,0
Yanma,Clear Wing Pokémon,bug,flying,"['Speed Boost', 'Compoundeyes', 'Frisk']",65,65,45,75,45,95,390,1.2,38.0,2,0
Wooper,Water Fish Pokémon,water,ground,"['Damp', 'Water Absorb', 'Unaware']",55,45,45,25,25,15,210,0.4,8.5,2,0
Quagsire,Water Fish Pokémon,water,ground,"['Damp', 'Water Absorb', 'Unaware']",95,85,85,65,65,35,430,1.4,75.0,2,0
Espeon,Sun Pokémon,psychic,,"['Synchronize', 'Magic Bounce']",65,65,60,130,95,110,525,0.9,26.5,2,0
Umbreon,Moonlight Pokémon,dark,,"['Synchronize', 'Inner Focus']",95,65,110,60,130,65,525,1.0,27.0,2,0
Murkrow,Darkness Pokémon,dark,flying,"['Insomnia', 'Super Luck', 'Prankster']",60,85,42,85,42,91,405,0.5,2.1,2,0
Slowking,Royal Pokémon,water,psychic,"['Oblivious', 'Own Tempo', 'Regenerator']",95,75,80,100,110,30,490,2.0,79.5,2,0
Misdreavus,Screech Pokémon,ghost,,['Levitate'],60,60,60,85,85,85,435,0.7,1.0,2,0
Unown,Symbol Pokémon,psychic,,['Levitate'],48,72,48,72,48,48,336,0.5,5.0,2,0
Wobbuffet,Patient Pokémon,psychic,,"['Shadow Tag', 'Telepathy']",190,33,58,33,58,33,405,1.3,28.5,2,0
Girafarig,Long Neck Pokémon,normal,psychic,"['Inner Focus', 'Early Bird', 'Sap Sipper']",70,80,65,90,65,85,455,1.5,41.5,2,0
Pineco,Bagworm Pokémon,bug,,"['Sturdy', 'Overcoat']",50,65,90,35,35,15,290,0.6,7.2,2,0
Forretress,Bagworm Pokémon,bug,steel,"['Sturdy', 'Overcoat']",75,90,140,60,60,40,465,1.2,125.8,2,0
Dunsparce,Land Snake Pokémon,normal,,"['Serene Grace', 'Run Away', 'Rattled']",100,70,70,65,65,45,415,1.5,14.0,2,0
Gligar,Flyscorpion Pokémon,ground,flying,"['Hyper Cutter', 'Sand Veil', 'Immunity']",65,75,105,35,65,85,430,1.1,64.8,2,0
Steelix,Iron Snake Pokémon,steel,ground,"['Rock Head', 'Sturdy', 'Sheer Force']",75,125,230,55,95,30,610,9.2,400.0,2,0
Snubbull,Fairy Pokémon,fairy,,"['Intimidate', 'Run Away', 'Rattled']",60,80,50,40,40,30,300,0.6,7.8,2,0
Granbull,Fairy Pokémon,fairy,,"['Intimidate', 'Quick Feet', 'Rattled']",90,120,75,60,60,45,450,1.4,48.7,2,0
Qwilfish,Balloon Pokémon,water,poison,"['Poison Point', 'Swift Swim', 'Intimidate']",65,95,85,55,55,85,440,0.5,3.9,2,0
Scizor,Pincer Pokémon,bug,steel,"['Swarm', 'Technician', 'Light Metal']",70,150,140,65,100,75,600,1.8,118.0,2,0
Shuckle,Mold Pokémon,bug,rock,"['Sturdy', 'Gluttony', 'Contrary']",20,10,230,10,230,5,505,0.6,20.5,2,0
Heracross,Singlehorn Pokémon,bug,fighting,"['Swarm', 'Guts', 'Moxie']",80,185,115,40,105,75,600,1.5,54.0,2,0
Sneasel,Sharp Claw Pokémon,dark,ice,"['Inner Focus', 'Keen Eye', 'Pickpocket']",55,95,55,35,75,115,430,0.9,28.0,2,0
Teddiursa,Little Bear Pokémon,normal,,"['Pickup', 'Quick Feet', 'Honey Gather']",60,80,50,50,50,40,330,0.6,8.8,2,0
Ursaring,Hibernator Pokémon,normal,,"['Guts', 'Quick Feet', 'Unnerve']",90,130,75,75,75,55,500,1.8,125.8,2,0
Slugma,Lava Pokémon,fire,,"['Magma Armor', 'Flame Body', 'Weak Armor']",40,40,40,70,40,20,250,0.7,35.0,2,0
Magcargo,Lava Pokémon,fire,rock,"['Magma Armor', 'Flame Body', 'Weak Armor']",60,50,120,90,80,30,430,0.8,55.0,2,0
Swinub,Pig Pokémon,ice,ground,"['Oblivious', 'Snow Cloak', 'Thick Fat']",50,50,40,30,30,50,250,0.4,6.5,2,0
Piloswine,Swine Pokémon,ice,ground,"['Oblivious', 'Snow Cloak', 'Thick Fat']",100,100,80,60,60,50,450,1.1,55.8,2,0
Corsola,Coral Pokémon,water,rock,"['Hustle', 'Natural Cure', 'Regenerator']",65,55,95,65,95,35,410,0.6,5.0,2,0
Remoraid,Jet Pokémon,water,,"['Hustle', 'Sniper', 'Moody']",35,65,35,65,35,65,300,0.6,12.0,2,0
Octillery,Jet Pokémon,water,,"['Suction Cups', 'Sniper', 'Moody']",75,105,75,105,75,45,480,0.9,28.5,2,0
Delibird,Delivery Pokémon,ice,flying,"['Vital Spirit', 'Hustle', 'Insomnia']",45,55,45,65,45,75,330,0.9,16.0,2,0
Mantine,Kite Pokémon,water,flying,"['Swift Swim', 'Water Absorb', 'Water Veil']",85,40,70,80,140,70,485,2.1,220.0,2,0
Skarmory,Armor Bird Pokémon,steel,flying,"['Keen Eye', 'Sturdy', 'Weak Armor']",65,80,140,40,70,70,465,1.7,50.5,2,0
Houndour,Dark Pokémon,dark,fire,"['Early Bird', 'Flash Fire', 'Unnerve']",45,60,30,80,50,65,330,0.6,10.8,2,0
Houndoom,Dark Pokémon,dark,fire,"['Early Bird', 'Flash Fire', 'Unnerve']",75,90,90,140,90,115,600,1.4,35.0,2,0
Kingdra,Dragon Pokémon,water,dragon,"['Swift Swim', 'Sniper', 'Damp']",75,95,95,95,95,85,540,1.8,152.0,2,0
Phanpy,Long Nose Pokémon,ground,,"['Pickup', 'Sand Veil']",90,60,60,40,40,40,330,0.5,33.5,2,0
Donphan,Armor Pokémon,ground,,"['Sturdy', 'Sand Veil']",90,120,120,60,60,50,500,1.1,120.0,2,0
Porygon2,Virtual Pokémon,normal,,"['Trace', 'Download', 'Analytic']",85,80,90,105,95,60,515,0.6,32.5,2,0
Stantler,Big Horn Pokémon,normal,,"['Intimidate', 'Frisk', 'Sap Sipper']",73,95,62,85,65,85,465,1.4,71.2,2,0
Smeargle,Painter Pokémon,normal,,"['Own Tempo', 'Technician', 'Moody']",55,20,35,20,45,75,250,1.2,58.0,2,0
Tyrogue,Scuffle Pokémon,fighting,,"['Guts', 'Steadfast', 'Vital Spirit']",35,35,35,35,35,35,210,0.7,21.0,2,0
Hitmontop,Handstand Pokémon,fighting,,"['Intimidate', 'Technician', 'Steadfast']",50,95,95,35,110,70,455,1.4,48.0,2,0
Smoochum,Kiss Pokémon,ice,psychic,"['Oblivious', 'Forewarn', 'Hydration']",45,30,15,85,65,65,305,0.4,6.0,2,0
Elekid,Electric Pokémon,electric,,"['Static', 'Vital Spirit']",45,63,37,65,55,95,360,0.6,23.5,2,0
Magby,Live Coal Pokémon,fire,,"['Flame Body', 'Vital Spirit']",45,75,37,70,55,83,365,0.7,21.4,2,0
Miltank,Milk Cow Pokémon,normal,,"['Thick Fat', 'Scrappy', 'Sap Sipper']",95,80,105,40,70,100,490,1.2,75.5,2,0
Blissey,Happiness Pokémon,normal,,"['Natural Cure', 'Serene Grace', 'Healer']",255,10,10,75,135,55,540,1.5,46.8,2,0
Raikou,Thunder Pokémon,electric,,"['Pressure', 'Inner Focus']",90,85,75,115,100,115,580,1.9,178.0,2,1
Entei,Volcano Pokémon,fire,,"['Pressure', 'Inner Focus']",115,115,85,90,75,100,580,2.1,198.0,2,1
Suicune,Aurora Pokémon,water,,"['Pressure', 'Inner Focus']",100,75,115,90,115,85,580,2.0,187.0,2,1
Larvitar,Rock Skin Pokémon,rock,ground,"['Guts', 'Sand Veil']",50,64,50,45,50,41,300,0.6,72.0,2,0
Pupitar,Hard Shell Pokémon,rock,ground,['Shed Skin'],70,84,70,65,70,51,410,1.2,152.0,2,0
Tyranitar,Armor Pokémon,rock,dark,"['Sand Stream', 'Unnerve']",100,164,150,95,120,71,700,2.0,202.0,2,0
Lugia,Diving Pokémon,psychic,flying,"['Pressure', 'Multiscale']",106,90,130,90,154,110,680,5.2,216.0,2,1
Ho-Oh,Rainbow Pokémon,fire,flying,"['Pressure', 'Regenerator']",106,130,90,110,154,90,680,3.8,199.0,2,1
Celebi,Time Travel Pokémon,psychic,grass,['Natural Cure'],100,100,100,100,100,100,600,0.6,5.0,2,1
Treecko,Wood Gecko Pokémon,grass,,"['Overgrow', 'Unburden']",40,45,35,65,55,70,310,0.5,5.0,3,0
Grovyle,Wood Gecko Pokémon,grass,,"['Overgrow', 'Unburden']",50,65,45,85,65,95,405,0.9,21.6,3,0
Sceptile,Forest Pokémon,grass,,"['Overgrow', 'Unburden']",70,110,75,145,85,145,630,1.7,52.2,3,0
Torchic,Chick Pokémon,fire,,"['Blaze', 'Speed Boost']",45,60,40,70,50,45,310,0.4,2.5,3,0
Combusken,Young Fowl Pokémon,fire,fighting,"['Blaze', 'Speed Boost']",60,85,60,85,60,55,405,0.9,19.5,3,0
Blaziken,Blaze Pokémon,fire,fighting,"['Blaze', 'Speed Boost']",80,160,80,130,80,100,630,1.9,52.0,3,0
Mudkip,Mud Fish Pokémon,water,,"['Torrent', 'Damp']",50,70,50,50,50,40,310,0.4,7.6,3,0
Marshtomp,Mud Fish Pokémon,water,ground,"['Torrent', 'Damp']",70,85,70,60,70,50,405,0.7,28.0,3,0
Swampert,Mud Fish Pokémon,water,ground,"['Torrent', 'Damp']",100,150,110,95,110,70,635,1.5,81.9,3,0
Poochyena,Bite Pokémon,dark,,"['Run Away', 'Quick Feet', 'Rattled']",35,55,35,30,30,35,220,0.5,13.6,3,0
Mightyena,Bite Pokémon,dark,,"['Intimidate', 'Quick Feet', 'Moxie']",70,90,70,60,60,70,420,1.0,37.0,3,0
Zigzagoon,Tiny Racoon Pokémon,normal,,"['Pickup', 'Gluttony', 'Quick Feet']",38,30,41,30,41,60,240,0.4,17.5,3,0
Linoone,Rush Pokémon,normal,,"['Pickup', 'Gluttony', 'Quick Feet']",78,70,61,50,61,100,420,0.5,32.5,3,0
Wurmple,Worm Pokémon,bug,,"['Shield Dust', 'Run Away']",45,45,35,20,30,20,195,0.3,3.6,3,0
Silcoon,Cocoon Pokémon,bug,,['Shed Skin'],50,35,55,25,25,15,205,0.6,10.0,3,0
Beautifly,Butterfly Pokémon,bug,flying,"['Swarm', 'Rivalry']",60,70,50,100,50,65,395,1.0,28.4,3,0
Cascoon,Cocoon Pokémon,bug,,['Shed Skin'],50,35,55,25,25,15,205,0.7,11.5,3,0
Dustox,Poison Moth Pokémon,bug,poison,"['Shield Dust', 'Compoundeyes']",60,50,70,50,90,65,385,1.2,31.6,3,0
Lotad,Water Weed Pokémon,water,grass,"['Swift Swim', 'Rain Dish', 'Own Tempo']",40,30,30,40,50,30,220,0.5,2.6,3,0
Lombre,Jolly Pokémon,water,grass,"['Swift Swim', 'Rain Dish', 'Own Tempo']",60,50,50,60,70,50,340,1.2,32.5,3,0
Ludicolo,Carefree Pokémon,water,grass,"['Swift Swim', 'Rain Dish', 'Own Tempo']",80,70,70,90,100,70,480,1.5,55.0,3,0
Seedot,Acorn Pokémon,grass,,"['Chlorophyll', 'Early Bird', 'Pickpocket']",40,40,50,30,30,30,220,0.5,4.0,3,0
Nuzleaf,Wily Pokémon,grass,dark,"['Chlorophyll', 'Early Bird', 'Pickpocket']",70,70,40,60,40,60,340,1.0,28.0,3,0
Shiftry,Wickid Pokémon,grass,dark,"['Chlorophyll', 'Early Bird', 'Pickpocket']",90,100,60,90,60,80,480,1.3,59.6,3,0
Taillow,TinySwallow Pokémon,normal,flying,"['Guts', 'Scrappy']",40,55,30,30,30,85,270,0.3,2.3,3,0
Swellow,Swallow Pokémon,normal,flying,"['Guts', 'Scrappy']",60,85,60,75,50,125,455,0.7,19.8,3,0
Wingull,Seagull Pokémon,water,flying,"['Keen Eye', 'Hydration', 'Rain Dish']",40,30,30,55,30,85,270,0.6,9.5,3,0
Pelipper,Water Bird Pokémon,water,flying,"['Keen Eye', 'Drizzle', 'Rain Dish']",60,50,100,95,70,65,440,1.2,28.0,3,0
Ralts,Feeling Pokémon,psychic,fairy,"['Synchronize', 'Trace', 'Telepathy']",28,25,25,45,35,40,198,0.4,6.6,3,0
Kirlia,Emotion Pokémon,psychic,fairy,"['Synchronize', 'Trace', 'Telepathy']",38,35,35,65,55,50,278,0.8,20.2,3,0
Gardevoir,Embrace Pokémon,psychic,fairy,"['Synchronize', 'Trace', 'Telepathy']",68,85,65,165,135,100,618,1.6,48.4,3,0
Surskit,Pond Skater Pokémon,bug,water,"['Swift Swim', 'Rain Dish']",40,30,32,50,52,65,269,0.5,1.7,3,0
Masquerain,Eyeball Pokémon,bug,flying,"['Intimidate', 'Unnerve']",70,60,62,100,82,80,454,0.8,3.6,3,0
Shroomish,Mushroom Pokémon,grass,,"['Effect Spore', 'Poison Heal', 'Quick Feet']",60,40,60,40,60,35,295,0.4,4.5,3,0
Breloom,Mushroom Pokémon,grass,fighting,"['Effect Spore', 'Poison Heal', 'Technician']",60,130,80,60,60,70,460,1.2,39.2,3,0
Slakoth,Slacker Pokémon,normal,,['Truant'],60,60,60,35,35,30,280,0.8,24.0,3,0
Vigoroth,Wild Monkey Pokémon,normal,,['Vital Spirit'],80,80,80,55,55,90,440,1.4,46.5,3,0
Slaking,Lazy Pokémon,normal,,['Truant'],150,160,100,95,65,100,670,2.0,130.5,3,0
Nincada,Trainee Pokémon,bug,ground,"['Compoundeyes', 'Run Away']",31,45,90,30,30,40,266,0.5,5.5,3,0
Ninjask,Ninja Pokémon,bug,flying,"['Speed Boost', 'Infiltrator']",61,90,45,50,50,160,456,0.8,12.0,3,0
Shedinja,Shed Pokémon,bug,ghost,['Wonder Guard'],1,90,45,30,30,40,236,0.8,1.2,3,0
Whismur,Whisper Pokémon,normal,,"['Soundproof', 'Rattled']",64,51,23,51,23,28,240,0.6,16.3,3,0
Loudred,Big Voice Pokémon,normal,,"['Soundproof', 'Scrappy']",84,71,43,71,43,48,360,1.0,40.5,3,0
Exploud,Loud Noise Pokémon,normal,,"['Soundproof', 'Scrappy']",104,91,63,91,73,68,490,1.5,84.0,3,0
Makuhita,Guts Pokémon,fighting,,"['Thick Fat', 'Guts', 'Sheer Force']",72,60,30,20,30,25,237,1.0,86.4,3,0
Hariyama,Arm Thrust Pokémon,fighting,,"['Thick Fat', 'Guts', 'Sheer Force']",144,120,60,40,60,50,474,2.3,253.8,3,0
Azurill,Polka Dot Pokémon,normal,fairy,"['Thick Fat', 'Huge Power', 'Sap Sipper']",50,20,40,20,40,20,190,0.2,2.0,3,0
Nosepass,Compass Pokémon,rock,,"['Sturdy', 'Magnet Pull', 'Sand Force']",30,45,135,45,90,30,375,1.0,97.0,3,0
Skitty,Kitten Pokémon,normal,,"['Cute Charm', 'Normalize', 'Wonder Skin ']",50,45,45,35,35,50,260,0.6,11.0,3,0
Delcatty,Prim Pokémon,normal,,"['Cute Charm', 'Normalize', 'Wonder Skin ']",70,65,65,55,55,90,400,1.1,32.6,3,0
Sableye,Darkness Pokémon,dark,ghost,"['Keen Eye', 'Stall', 'Prankster']",50,85,125,85,115,20,480,0.5,11.0,3,0
Mawile,Deceiver Pokémon,steel,fairy,"['Hyper Cutter', 'Intimidate', 'Sheer Force']",50,105,125,55,95,50,480,0.6,11.5,3,0
Aron,Iron Armor Pokémon,steel,rock,"['Sturdy', 'Rock Head', 'Heavy Metal']",50,70,100,40,40,30,330,0.4,60.0,3,0
Lairon,Iron Armor Pokémon,steel,rock,"['Sturdy', 'Rock Head', 'Heavy Metal']",60,90,140,50,50,40,430,0.9,120.0,3,0
Aggron,Iron Armor Pokémon,steel,rock,"['Sturdy', 'Rock Head', 'Heavy Metal']",70,140,230,60,80,50,630,2.1,360.0,3,0
Meditite,Meditate Pokémon,fighting,psychic,"['Pure Power', 'Telepathy']",30,40,55,40,55,60,280,0.6,11.2,3,0
Medicham,Meditate Pokémon,fighting,psychic,"['Pure Power', 'Telepathy']",60,100,85,80,85,100,510,1.3,31.5,3,0
Electrike,Lightning Pokémon,electric,,"['Static', 'Lightningrod', 'Minus']",40,45,40,65,40,65,295,0.6,15.2,3,0
Manectric,Discharge Pokémon,electric,,"['Static', 'Lightningrod', 'Minus']",70,75,80,135,80,135,575,1.5,40.2,3,0
Plusle,Cheering Pokémon,electric,,"['Plus', 'Lightningrod']",60,50,40,85,75,95,405,0.4,4.2,3,0
Minun,Cheering Pokémon,electric,,"['Minus', 'Volt Absorb']",60,40,50,75,85,95,405,0.4,4.2,3,0
Volbeat,Firefly Pokémon,bug,,"['Illuminate', 'Swarm', 'Prankster']",65,73,75,47,85,85,430,0.7,17.7,3,0
Illumise,Firefly Pokémon,bug,,"['Oblivious', 'Tinted Lens', 'Prankster']",65,47,75,73,85,85,430,0.6,17.7,3,0
Roselia,Thorn Pokémon,grass,poison,"['Natural Cure', 'Poison Point', 'Leaf Guard']",50,60,45,100,80,65,400,0.3,2.0,3,0
Gulpin,Stomach Pokémon,poison,,"['Liquid Ooze', 'Sticky Hold', 'Gluttony']",70,43,53,43,53,40,302,0.4,10.3,3,0
Swalot,Poison Bag Pokémon,poison,,"['Liquid Ooze', 'Sticky Hold', 'Gluttony']",100,73,83,73,83,55,467,1.7,80.0,3,0
Carvanha,Savage Pokémon,water,dark,"['Rough Skin', 'Speed Boost']",45,90,20,65,20,65,305,0.8,20.8,3,0
Sharpedo,Brutal Pokémon,water,dark,"['Rough Skin', 'Speed Boost']",70,140,70,110,65,105,560,1.8,88.8,3,0
Wailmer,Ball Whale Pokémon,water,,"['Water Veil', 'Oblivious', 'Pressure']",130,70,35,70,35,60,400,2.0,130.0,3,0
Wailord,Float Whale Pokémon,water,,"['Water Veil', 'Oblivious', 'Pressure']",170,90,45,90,45,60,500,14.5,398.0,3,0
Numel,Numb Pokémon,fire,ground,"['Oblivious', 'Simple', 'Own Tempo']",60,60,40,65,45,35,305,0.7,24.0,3,0
Camerupt,Eruption Pokémon,fire,ground,"['Magma Armor', 'Solid Rock', 'Anger Point']",70,120,100,145,105,20,560,1.9,220.0,3,0
Torkoal,Coal Pokémon,fire,,"['White Smoke', 'Drought', 'Shell Armor']",70,85,140,85,70,20,470,0.5,80.4,3,0
Spoink,Bounce Pokémon,psychic,,"['Thick Fat', 'Own Tempo', 'Gluttony']",60,25,35,70,80,60,330,0.7,30.6,3,0
Grumpig,Manipulate Pokémon,psychic,,"['Thick Fat', 'Own Tempo', 'Gluttony']",80,45,65,90,110,80,470,0.9,71.5,3,0
Spinda,Spot Panda Pokémon,normal,,"['Own Tempo', 'Tangled Feet', 'Contrary']",60,60,60,60,60,60,360,1.1,5.0,3,0
Trapinch,Ant Pit Pokémon,ground,,"['Hyper Cutter', 'Arena Trap', 'Sheer Force']",45,100,45,45,45,10,290,0.7,15.0,3,0
Vibrava,Vibration Pokémon,ground,dragon,['Levitate'],50,70,50,50,50,70,340,1.1,15.3,3,0
Flygon,Mystic Pokémon,ground,dragon,['Levitate'],80,100,80,80,80,100,520,2.0,82.0,3,0
Cacnea,Cactus Pokémon,grass,,"['Sand Veil', 'Water Absorb']",50,85,40,85,40,35,335,0.4,51.3,3,0
Cacturne,Scarecrow Pokémon,grass,dark,"['Sand Veil', 'Water Absorb']",70,115,60,115,60,55,475,1.3,77.4,3,0
Swablu,Cotton Bird Pokémon,normal,flying,"['Natural Cure', 'Cloud Nine']",45,40,60,40,75,50,310,0.4,1.2,3,0
Altaria,Humming Pokémon,dragon,flying,"['Natural Cure', 'Cloud Nine']",75,110,110,110,105,80,590,1.1,20.6,3,0
Zangoose,Cat Ferret Pokémon,normal,,"['Immunity', 'Toxic Boost']",73,115,60,60,60,90,458,1.3,40.3,3,0
Seviper,Fang Snake Pokémon,poison,,"['Shed Skin', 'Infiltrator']",73,100,60,100,60,65,458,2.7,52.5,3,0
Lunatone,Meteorite Pokémon,rock,psychic,['Levitate'],90,55,65,95,85,70,460,1.0,168.0,3,0
Solrock,Meteorite Pokémon,rock,psychic,['Levitate'],90,95,85,55,65,70,460,1.2,154.0,3,0
Barboach,Whiskers Pokémon,water,ground,"['Oblivious', 'Anticipation', 'Hydration']",50,48,43,46,41,60,288,0.4,1.9,3,0
Whiscash,Whiskers Pokémon,water,ground,"['Oblivious', 'Anticipation', 'Hydration']",110,78,73,76,71,60,468,0.9,23.6,3,0
Corphish,Ruffian Pokémon,water,,"['Hyper Cutter', 'Shell Armor', 'Adaptability']",43,80,65,50,35,35,308,0.6,11.5,3,0
Crawdaunt,Rogue Pokémon,water,dark,"['Hyper Cutter', 'Shell Armor', 'Adaptability']",63,120,85,90,55,55,468,1.1,32.8,3,0
Baltoy,Clay Doll Pokémon,ground,psychic,['Levitate'],40,40,55,40,70,55,300,0.5,21.5,3,0
Claydol,Clay Doll Pokémon,ground,psychic,['Levitate'],60,70,105,70,120,75,500,1.5,108.0,3,0
Lileep,Sea Lily Pokémon,rock,grass,"['Suction Cups', 'Storm Drain']",66,41,77,61,87,23,355,1.0,23.8,3,0
Cradily,Barnacle Pokémon,rock,grass,"['Suction Cups', 'Storm Drain']",86,81,97,81,107,43,495,1.5,60.4,3,0
Anorith,Old Shrimp Pokémon,rock,bug,"['Battle Armor', 'Swift Swim']",45,95,50,40,50,75,355,0.7,12.5,3,0
Armaldo,Plate Pokémon,rock,bug,"['Battle Armor', 'Swift Swim']",75,125,100,70,80,45,495,1.5,68.2,3,0
Feebas,Fish Pokémon,water,,"['Swift Swim', 'Oblivious', 'Adaptability']",20,15,20,10,55,80,200,0.6,7.4,3,0
Milotic,Tender Pokémon,water,,"['Marvel Scale', 'Competitive', 'Cute Charm']",95,60,79,100,125,81,540,6.2,162.0,3,0
Castform,Weather Pokémon,normal,,['Forecast'],70,70,70,70,70,70,420,0.3,0.8,3,0
Kecleon,Color Swap Pokémon,normal,,"['Color Change', 'Protean']",60,90,70,60,120,40,440,1.0,22.0,3,0
Shuppet,Puppet Pokémon,ghost,,"['Insomnia', 'Frisk', 'Cursed Body']",44,75,35,63,33,45,295,0.6,2.3,3,0
Banette,Marionette Pokémon,ghost,,"['Insomnia', 'Frisk', 'Cursed Body']",64,165,75,93,83,75,555,1.1,12.5,3,0
Duskull,Requiem Pokémon,ghost,,"['Levitate', 'Frisk']",20,40,90,30,90,25,295,0.8,15.0,3,0
Dusclops,Beckon Pokémon,ghost,,"['Pressure', 'Frisk']",40,70,130,60,130,25,455,1.6,30.6,3,0
Tropius,Fruit Pokémon,grass,flying,"['Chlorophyll', 'Solar Power', 'Harvest']",99,68,83,72,87,51,460,2.0,100.0,3,0
Chimecho,Wind Chime Pokémon,psychic,,['Levitate'],75,50,80,95,90,65,455,0.6,1.0,3,0
Absol,Disaster Pokémon,dark,,"['Pressure', 'Super Luck', 'Justified']",65,150,60,115,60,115,565,1.2,47.0,3,0
Wynaut,Bright Pokémon,psychic,,"['Shadow Tag', 'Telepathy']",95,23,48,23,48,23,260,0.6,14.0,3,0
Snorunt,Snow Hat Pokémon,ice,,"['Inner Focus', 'Ice Body', 'Moody']",50,50,50,50,50,50,300,0.7,16.8,3,0
Glalie,Face Pokémon,ice,,"['Inner Focus', 'Ice Body', 'Moody']",80,120,80,120,80,100,580,1.5,256.5,3,0
Spheal,Clap Pokémon,ice,water,"['Thick Fat', 'Ice Body', 'Oblivious']",70,40,50,55,50,25,290,0.8,39.5,3,0
Sealeo,Ball Roll Pokémon,ice,water,"['Thick Fat', 'Ice Body', 'Oblivious']",90,60,70,75,70,45,410,1.1,87.6,3,0
Walrein,Ice Break Pokémon,ice,water,"['Thick Fat', 'Ice Body', 'Oblivious']",110,80,90,95,90,65,530,1.4,150.6,3,0
Clamperl,Bivalve Pokémon,water,,"['Shell Armor', 'Rattled']",35,64,85,74,55,32,345,0.4,52.5,3,0
Huntail,Deep Sea Pokémon,water,,"['Swift Swim', 'Water Veil']",55,104,105,94,75,52,485,1.7,27.0,3,0
Gorebyss,South Sea Pokémon,water,,"['Swift Swim', 'Hydration']",55,84,105,114,75,52,485,1.8,22.6,3,0
Relicanth,Longevity Pokémon,water,rock,"['Swift Swim', 'Rock Head', 'Sturdy']",100,90,130,45,65,55,485,1.0,23.4,3,0
Luvdisc,Rendezvous Pokémon,water,,"['Swift Swim', 'Hydration']",43,30,55,40,65,97,330,0.6,8.7,3,0
Bagon,Rock Head Pokémon,dragon,,"['Rock Head', 'Sheer Force']",45,75,60,40,30,50,300,0.6,42.1,3,0
Shelgon,Endurance Pokémon,dragon,,"['Rock Head', 'Overcoat']",65,95,100,60,50,50,420,1.1,110.5,3,0
Salamence,Dragon Pokémon,dragon,flying,"['Intimidate', 'Moxie']",95,145,130,120,90,120,700,1.5,102.6,3,0
Beldum,Iron Ball Pokémon,steel,psychic,"['Clear Body', 'Light Metal']",40,55,80,35,60,30,300,0.6,95.2,3,0
Metang,Iron Claw Pokémon,steel,psychic,"['Clear Body', 'Light Metal']",60,75,100,55,80,50,420,1.2,202.5,3,0
Metagross,Iron Leg Pokémon,steel,psychic,"['Clear Body', 'Light Metal']",80,145,150,105,110,110,700,1.6,550.0,3,0
Regirock,Rock Peak Pokémon,rock,,"['Clear Body', 'Sturdy']",80,100,200,50,100,50,580,1.7,230.0,3,1
Regice,Iceberg Pokémon,ice,,"['Clear Body', 'Ice Body']",80,50,100,100,200,50,580,1.8,175.0,3,1
Registeel,Iron Pokémon,steel,,"['Clear Body', 'Light Metal']",80,75,150,75,150,50,580,1.9,205.0,3,1
Latias,Eon Pokémon,dragon,psychic,['Levitate'],80,100,120,140,150,110,700,1.4,40.0,3,1
Latios,Eon Pokémon,dragon,psychic,['Levitate'],80,130,100,160,120,110,700,2.0,60.0,3,1
Kyogre,Sea Basin Pokémon,water,,['Drizzle'],100,150,90,180,160,90,770,4.5,352.0,3,1
Groudon,Continent Pokémon,ground,,['Drought'],100,180,160,150,90,90,770,3.5,950.0,3,1
Rayquaza,Sky High Pokémon,dragon,flying,['Air Lock'],105,180,100,180,100,115,780,7.0,206.5,3,1
Jirachi,Wish Pokémon,steel,psychic,['Serene Grace'],100,100,100,100,100,100,600,0.3,1.1,3,1
Deoxys,DNA Pokémon,psychic,,['Pressure'],50,95,90,95,90,180,600,1.7,60.8,3,1
Turtwig,Tiny Leaf Pokémon,grass,,"['Overgrow', 'Shell Armor']",55,68,64,45,55,31,318,0.4,10.2,4,0
Grotle,Grove Pokémon,grass,,"['Overgrow', 'Shell Armor']",75,89,85,55,65,36,405,1.1,97.0,4,0
Torterra,Continent Pokémon,grass,ground,"['Overgrow', 'Shell Armor']",95,109,105,75,85,56,525,2.2,310.0,4,0
Chimchar,Chimp Pokémon,fire,,"['Blaze', 'Iron Fist']",44,58,44,58,44,61,309,0.5,6.2,4,0
Monferno,Playful Pokémon,fire,fighting,"['Blaze', 'Iron Fist']",64,78,52,78,52,81,405,0.9,22.0,4,0
Infernape,Flame Pokémon,fire,fighting,"['Blaze', 'Iron Fist']",76,104,71,104,71,108,534,1.2,55.0,4,0
Piplup,Penguin Pokémon,water,,"['Torrent', 'Defiant']",53,51,53,61,56,40,314,0.4,5.2,4,0
Prinplup,Penguin Pokémon,water,,"['Torrent', 'Defiant']",64,66,68,81,76,50,405,0.8,23.0,4,0
Empoleon,Emperor Pokémon,water,steel,"['Torrent', 'Defiant']",84,86,88,111,101,60,530,1.7,84.5,4,0
Starly,Starling Pokémon,normal,flying,"['Keen Eye', 'Reckless']",40,55,30,30,30,60,245,0.3,2.0,4,0
Staravia,Starling Pokémon,normal,flying,"['Intimidate', 'Reckless']",55,75,50,40,40,80,340,0.6,15.5,4,0
Staraptor,Predator Pokémon,normal,flying,"['Intimidate', 'Reckless']",85,120,70,50,60,100,485,1.2,24.9,4,0
Bidoof,Plump Mouse Pokémon,normal,,"['Simple', 'Unaware', 'Moody']",59,45,40,35,40,31,250,0.5,20.0,4,0
Bibarel,Beaver Pokémon,normal,water,"['Simple', 'Unaware', 'Moody']",79,85,60,55,60,71,410,1.0,31.5,4,0
Kricketot,Cricket Pokémon,bug,,"['Shed Skin', 'Run Away']",37,25,41,25,41,25,194,0.3,2.2,4,0
Kricketune,Cricket Pokémon,bug,,"['Swarm', 'Technician']",77,85,51,55,51,65,384,1.0,25.5,4,0
Shinx,Flash Pokémon,electric,,"['Rivalry', 'Intimidate', 'Guts']",45,65,34,40,34,45,263,0.5,9.5,4,0
Luxio,Spark Pokémon,electric,,"['Rivalry', 'Intimidate', 'Guts']",60,85,49,60,49,60,363,0.9,30.5,4,0
Luxray,Gleam Eyes Pokémon,electric,,"['Rivalry', 'Intimidate', 'Guts']",80,120,79,95,79,70,523,1.4,42.0,4,0
Budew,Bud Pokémon,grass,poison,"['Natural Cure', 'Poison Point', 'Leaf Guard']",40,30,35,50,70,55,280,0.2,1.2,4,0
Roserade,Bouquet Pokémon,grass,poison,"['Natural Cure', 'Poison Point', 'Technician']",60,70,65,125,105,90,515,0.9,14.5,4,0
Cranidos,Head Butt Pokémon,rock,,"['Mold Breaker', 'Sheer Force']",67,125,40,30,30,58,350,0.9,31.5,4,0
Rampardos,Head Butt Pokémon,rock,,"['Mold Breaker', 'Sheer Force']",97,165,60,65,50,58,495,1.6,102.5,4,0
Shieldon,Shield Pokémon,rock,steel,"['Sturdy', 'Soundproof']",30,42,118,42,88,30,350,0.5,57.0,4,0
Bastiodon,Shield Pokémon,rock,steel,"['Sturdy', 'Soundproof']",60,52,168,47,138,30,495,1.3,149.5,4,0
Burmy,Bagworm Pokémon,bug,,"['Shed Skin', 'Overcoat']",40,29,45,29,45,36,224,0.2,3.4,4,0
Wormadam,Bagworm Pokémon,bug,grass,"['Anticipation', 'Overcoat']",60,69,95,69,95,36,424,0.5,6.5,4,0
Mothim,Moth Pokémon,bug,flying,"['Swarm', 'Tinted Lens']",70,94,50,94,50,66,424,0.9,23.3,4,0
Combee,Tiny Bee Pokémon,bug,flying,"['Honey Gather', 'Hustle']",30,30,42,30,42,70,244,0.3,5.5,4,0
Vespiquen,Beehive Pokémon,bug,flying,"['Pressure', 'Unnerve']",70,80,102,80,102,40,474,1.2,38.5,4,0
Pachirisu,EleSquirrel Pokémon,electric,,"['Run Away', 'Pickup', 'Volt Absorb']",60,45,70,45,90,95,405,0.4,3.9,4,0
Buizel,Sea Weasel Pokémon,water,,"['Swift Swim', 'Water Veil']",55,65,35,60,30,85,330,0.7,29.5,4,0
Floatzel,Sea Weasel Pokémon,water,,"['Swift Swim', 'Water Veil']",85,105,55,85,50,115,495,1.1,33.5,4,0
Cherubi,Cherry Pokémon,grass,,['Chlorophyll'],45,35,45,62,53,35,275,0.4,3.3,4,0
Cherrim,Blossom Pokémon,grass,,['Flower Gift'],70,60,70,87,78,85,450,0.5,9.3,4,0
Shellos,Sea Slug Pokémon,water,,"['Sticky Hold', 'Storm Drain', 'Sand Force']",76,48,48,57,62,34,325,0.3,6.3,4,0
Gastrodon,Sea Slug Pokémon,water,ground,"['Sticky Hold', 'Storm Drain', 'Sand Force']",111,83,68,92,82,39,475,0.9,29.9,4,0
Ambipom,Long Tail Pokémon,normal,,"['Technician', 'Pickup', 'Skill Link']",75,100,66,60,66,115,482,1.2,20.3,4,0
Drifloon,Balloon Pokémon,ghost,flying,"['Aftermath', 'Unburden', 'Flare Boost']",90,50,34,60,44,70,348,0.4,1.2,4,0
Drifblim,Blimp Pokémon,ghost,flying,"['Aftermath', 'Unburden', 'Flare Boost']",150,80,44,90,54,80,498,1.2,15.0,4,0
Buneary,Rabbit Pokémon,normal,,"['Run Away', 'Klutz', 'Limber']",55,66,44,44,56,85,350,0.4,5.5,4,0
Lopunny,Rabbit Pokémon,normal,,"['Cute Charm', 'Klutz', 'Limber']",65,136,94,54,96,135,580,1.2,33.3,4,0
Mismagius,Magical Pokémon,ghost,,['Levitate'],60,60,60,105,105,105,495,0.9,4.4,4,0
Honchkrow,Big Boss Pokémon,dark,flying,"['Insomnia', 'Super Luck', 'Moxie']",100,125,52,105,52,71,505,0.9,27.3,4,0
Glameow,Catty Pokémon,normal,,"['Limber', 'Own Tempo', 'Keen Eye']",49,55,42,42,37,85,310,0.5,3.9,4,0
Purugly,Tiger Cat Pokémon,normal,,"['Thick Fat', 'Own Tempo', 'Defiant']",71,82,64,64,59,112,452,1.0,43.8,4,0
Chingling,Bell Pokémon,psychic,,['Levitate'],45,30,50,65,50,45,285,0.2,0.6,4,0
Stunky,Skunk Pokémon,poison,dark,"['Stench', 'Aftermath', 'Keen Eye']",63,63,47,41,41,74,329,0.4,19.2,4,0
Skuntank,Skunk Pokémon,poison,dark,"['Stench', 'Aftermath', 'Keen Eye']",103,93,67,71,61,84,479,1.0,38.0,4,0
Bronzor,Bronze Pokémon,steel,psychic,"['Levitate', 'Heatproof', 'Heavy Metal']",57,24,86,24,86,23,300,0.5,60.5,4,0
Bronzong,Bronze Bell Pokémon,steel,psychic,"['Levitate', 'Heatproof', 'Heavy Metal']",67,89,116,79,116,33,500,1.3,187.0,4,0
Bonsly,Bonsai Pokémon,rock,,"['Sturdy', 'Rock Head', 'Rattled']",50,80,95,10,45,10,290,0.5,15.0,4,0
Mime Jr.,Mime Pokémon,psychic,fairy,"['Soundproof', 'Filter', 'Technician']",20,25,45,70,90,60,310,0.6,13.0,4,0
Happiny,Playhouse Pokémon,normal,,"['Natural Cure', 'Serene Grace', 'Friend Guard']",100,5,5,15,65,30,220,0.6,24.4,4,0
Chatot,Music Note Pokémon,normal,flying,"['Keen Eye', 'Tangled Feet', 'Big Pecks']",76,65,45,92,42,91,411,0.5,1.9,4,0
Spiritomb,Forbidden Pokémon,ghost,dark,"['Pressure', 'Infiltrator']",50,92,108,92,108,35,485,1.0,108.0,4,0
Gible,Land Shark Pokémon,dragon,ground,"['Sand Veil', 'Rough Skin']",58,70,45,40,45,42,300,0.7,20.5,4,0
Gabite,Cave Pokémon,dragon,ground,"['Sand Veil', 'Rough Skin']",68,90,65,50,55,82,410,1.4,56.0,4,0
Garchomp,Mach Pokémon,dragon,ground,"['Sand Veil', 'Rough Skin']",108,170,115,120,95,92,700,1.9,95.0,4,0
Munchlax,Big Eater Pokémon,normal,,"['Pickup', 'Thick Fat', 'Gluttony']",135,85,40,40,85,5,390,0.6,105.0,4,0
Riolu,Emanation Pokémon,fighting,,"['Steadfast', 'Inner Focus', 'Prankster']",40,70,40,35,40,60,285,0.7,20.2,4,0
Lucario,Aura Pokémon,fighting,steel,"['Steadfast', 'Inner Focus', 'Justified']",70,145,88,140,70,112,625,1.2,54.0,4,0
Hippopotas,Hippo Pokémon,ground,,"['Sand Stream', 'Sand Force']",68,72,78,38,42,32,330,0.8,49.5,4,0
Hippowdon,Heavyweight Pokémon,ground,,"['Sand Stream', 'Sand Force']",108,112,118,68,72,47,525,2.0,300.0,4,0
Skorupi,Scorpion Pokémon,poison,bug,"['Battle Armor', 'Sniper', 'Keen Eye']",40,50,90,30,55,65,330,0.8,12.0,4,0
Drapion,Ogre Scorp Pokémon,poison,dark,"['Battle Armor', 'Sniper', 'Keen Eye']",70,90,110,60,75,95,500,1.3,61.5,4,0
Croagunk,Toxic Mouth Pokémon,poison,fighting,"['Anticipation', 'Dry Skin', 'Poison Touch']",48,61,40,61,40,50,300,0.7,23.0,4,0
Toxicroak,Toxic Mouth Pokémon,poison,fighting,"['Anticipation', 'Dry Skin', 'Poison Touch']",83,106,65,86,65,85,490,1.3,44.4,4,0
Carnivine,Bug Catcher Pokémon,grass,,['Levitate'],74,100,72,90,72,46,454,1.4,27.0,4,0
Finneon,Wing Fish Pokémon,water,,"['Swift Swim', 'Storm Drain', 'Water Veil']",49,49,56,49,61,66,330,0.4,7.0,4,0
Lumineon,Neon Pokémon,water,,"['Swift Swim', 'Storm Drain', 'Water Veil']",69,69,76,69,86,91,460,1.2,24.0,4,0
Mantyke,Kite Pokémon,water,flying,"['Swift Swim', 'Water Absorb', 'Water Veil']",45,20,50,60,120,50,345,1.0,65.0,4,0
Snover,Frosted Tree Pokémon,grass,ice,"['Snow Warning', 'Soundproof']",60,62,50,62,60,40,334,1.0,50.5,4,0
Abomasnow,Frosted Tree Pokémon,grass,ice,"['Snow Warning', 'Soundproof']",90,132,105,132,105,30,594,2.2,135.5,4,0
Weavile,Sharp Claw Pokémon,dark,ice,"['Pressure', 'Pickpocket']",70,120,65,45,85,125,510,1.1,34.0,4,0
Magnezone,Magnet Area Pokémon,electric,steel,"['Magnet Pull', 'Sturdy', 'Analytic']",70,70,115,130,90,60,535,1.2,180.0,4,0
Lickilicky,Licking Pokémon,normal,,"['Own Tempo', 'Oblivious', 'Cloud Nine']",110,85,95,80,95,50,515,1.7,140.0,4,0
Rhyperior,Drill Pokémon,ground,rock,"['Lightningrod', 'Solid Rock', 'Reckless']",115,140,130,55,55,40,535,2.4,282.8,4,0
Tangrowth,Vine Pokémon,grass,,"['Chlorophyll', 'Leaf Guard', 'Regenerator']",100,100,125,110,50,50,535,2.0,128.6,4,0
Electivire,Thunderbolt Pokémon,electric,,"['Motor Drive', 'Vital Spirit']",75,123,67,95,85,95,540,1.8,138.6,4,0
Magmortar,Blast Pokémon,fire,,"['Flame Body', 'Vital Spirit']",75,95,67,125,95,83,540,1.6,68.0,4,0
Togekiss,Jubilee Pokémon,fairy,flying,"['Hustle', 'Serene Grace', 'Super Luck']",85,50,95,120,115,80,545,1.5,38.0,4,0
Yanmega,Ogre Darner Pokémon,bug,flying,"['Speed Boost', 'Tinted Lens', 'Frisk']",86,76,86,116,56,95,515,1.9,51.5,4,0
Leafeon,Verdant Pokémon,grass,,"['Leaf Guard', 'Chlorophyll']",65,110,130,60,65,95,525,1.0,25.5,4,0
Glaceon,Fresh Snow Pokémon,ice,,"['Snow Cloak', 'Ice Body']",65,60,110,130,95,65,525,0.8,25.9,4,0
Gliscor,Fang Scorp Pokémon,ground,flying,"['Hyper Cutter', 'Sand Veil', 'Poison Heal']",75,95,125,45,75,95,510,2.0,42.5,4,0
Mamoswine,Twin Tusk Pokémon,ice,ground,"['Oblivious', 'Snow Cloak', 'Thick Fat']",110,130,80,70,60,80,530,2.5,291.0,4,0
Porygon-Z,Virtual Pokémon,normal,,"['Adaptability', 'Download', 'Analytic']",85,80,70,135,75,90,535,0.9,34.0,4,0
Gallade,Blade Pokémon,psychic,fighting,"['Steadfast', 'Justified']",68,165,95,65,115,110,618,1.6,52.0,4,0
Probopass,Compass Pokémon,rock,steel,"['Sturdy', 'Magnet Pull', 'Sand Force']",60,55,145,75,150,40,525,1.4,340.0,4,0
Dusknoir,Gripper Pokémon,ghost,,"['Pressure', 'Frisk']",45,100,135,65,135,45,525,2.2,106.6,4,0
Froslass,Snow Land Pokémon,ice,ghost,"['Snow Cloak', 'Cursed Body']",70,80,70,80,70,110,480,1.3,26.6,4,0
Rotom,Plasma Pokémon,electric,ghost,['Levitate'],50,65,107,105,107,86,520,0.3,0.3,4,0
Uxie,Knowledge Pokémon,psychic,,['Levitate'],75,75,130,75,130,95,580,0.3,0.3,4,1
Mesprit,Emotion Pokémon,psychic,,['Levitate'],80,105,105,105,105,80,580,0.3,0.3,4,1
Azelf,Willpower Pokémon,psychic,,['Levitate'],75,125,70,125,70,115,580,0.3,0.3,4,1
Dialga,Temporal Pokémon,steel,dragon,"['Pressure', 'Telepathy']",100,120,120,150,100,90,680,5.4,683.0,4,1
Palkia,Spatial Pokémon,water,dragon,"['Pressure', 'Telepathy']",90,120,100,150,120,100,680,4.2,336.0,4,1
Heatran,Lava Dome Pokémon,fire,steel,"['Flash Fire', 'Flame Body']",91,90,106,130,106,77,600,1.7,430.0,4,1
Regigigas,Colossal Pokémon,normal,,['Slow Start'],110,160,110,80,110,100,670,3.7,420.0,4,1
Giratina,Renegade Pokémon,ghost,dragon,"['Pressure', 'Telepathy', 'Levitate']",150,120,100,120,100,90,680,4.5,750.0,4,1
Cresselia,Lunar Pokémon,psychic,,['Levitate'],120,70,120,75,130,85,600,1.5,85.6,4,1
Phione,Sea Drifter Pokémon,water,,['Hydration'],80,80,80,80,80,80,480,0.4,3.1,4,0
Manaphy,Seafaring Pokémon,water,,['Hydration'],100,100,100,100,100,100,600,0.3,1.4,4,1
Darkrai,Pitch-Black Pokémon,dark,,['Bad Dreams'],70,90,90,135,90,125,600,1.5,50.5,4,1
Shaymin,Gratitude Pokémon,grass,grass,"['Natural Cure', 'Serene Grace']",100,103,75,120,75,127,600,0.2,2.1,4,1
Arceus,Alpha Pokémon,normal,,['Multitype'],120,120,120,120,120,120,720,3.2,320.0,4,1
Victini,Victory Pokémon,psychic,fire,['Victory Star'],100,100,100,100,100,100,600,0.4,4.0,5,1
Snivy,Grass Snake Pokémon,grass,,"['Overgrow', 'Contrary']",45,45,55,45,55,63,308,0.6,8.1,5,0
Servine,Grass Snake Pokémon,grass,,"['Overgrow', 'Contrary']",60,60,75,60,75,83,413,0.8,16.0,5,0
Serperior,Regal Pokémon,grass,,"['Overgrow', 'Contrary']",75,75,95,75,95,113,528,3.3,63.0,5,0
Tepig,Fire Pig Pokémon,fire,,"['Blaze', 'Thick Fat']",65,63,45,45,45,45,308,0.5,9.9,5,0
Pignite,Fire Pig Pokémon,fire,fighting,"['Blaze', 'Thick Fat']",90,93,55,70,55,55,418,1.0,55.5,5,0
Emboar,Mega Fire Pig Pokémon,fire,fighting,"['Blaze', 'Reckless']",110,123,65,100,65,65,528,1.6,150.0,5,0
Oshawott,Sea Otter Pokémon,water,,"['Torrent', 'Shell Armor']",55,55,45,63,45,45,308,0.5,5.9,5,0
Dewott,Discipline Pokémon,water,,"['Torrent', 'Shell Armor']",75,75,60,83,60,60,413,0.8,24.5,5,0
Samurott,Formidable Pokémon,water,,"['Torrent', 'Shell Armor']",95,100,85,108,70,70,528,1.5,94.6,5,0
Patrat,Scout Pokémon,normal,,"['Run Away', 'Keen Eye', 'Analytic']",45,55,39,35,39,42,255,0.5,11.6,5,0
Watchog,Lookout Pokémon,normal,,"['Illuminate', 'Keen Eye', 'Analytic']",60,85,69,60,69,77,420,1.1,27.0,5,0
Lillipup,Puppy Pokémon,normal,,"['Vital Spirit', 'Pickup', 'Run Away']",45,60,45,25,45,55,275,0.4,4.1,5,0
Herdier,Loyal Dog Pokémon,normal,,"['Intimidate', 'Sand Rush', 'Scrappy']",65,80,65,35,65,60,370,0.9,14.7,5,0
Stoutland,Big-Hearted Pokémon,normal,,"['Intimidate', 'Sand Rush', 'Scrappy']",85,110,90,45,90,80,500,1.2,61.0,5,0
Purrloin,Devious Pokémon,dark,,"['Limber', 'Unburden', 'Prankster']",41,50,37,50,37,66,281,0.4,10.1,5,0
Liepard,Cruel Pokémon,dark,,"['Limber', 'Unburden', 'Prankster']",64,88,50,88,50,106,446,1.1,37.5,5,0
Pansage,Grass Monkey Pokémon,grass,,"['Gluttony', 'Overgrow']",50,53,48,53,48,64,316,0.6,10.5,5,0
Simisage,Thorn Monkey Pokémon,grass,,"['Gluttony', 'Overgrow']",75,98,63,98,63,101,498,1.1,30.5,5,0
Pansear,High Temp Pokémon,fire,,"['Gluttony', 'Blaze']",50,53,48,53,48,64,316,0.6,11.0,5,0
Simisear,Ember Pokémon,fire,,"['Gluttony', 'Blaze']",75,98,63,98,63,101,498,1.0,28.0,5,0
Panpour,Spray Pokémon,water,,"['Gluttony', 'Torrent']",50,53,48,53,48,64,316,0.6,13.5,5,0
Simipour,Geyser Pokémon,water,,"['Gluttony', 'Torrent']",75,98,63,98,63,101,498,1.0,29.0,5,0
Munna,Dream Eater Pokémon,psychic,,"['Forewarn', 'Synchronize', 'Telepathy']",76,25,45,67,55,24,292,0.6,23.3,5,0
Musharna,Drowsing Pokémon,psychic,,"['Forewarn', 'Synchronize', 'Telepathy']",116,55,85,107,95,29,487,1.1,60.5,5,0
Pidove,Tiny Pigeon Pokémon,normal,flying,"['Big Pecks', 'Super Luck', 'Rivalry']",50,55,50,36,30,43,264,0.3,2.1,5,0
Tranquill,Wild Pigeon Pokémon,normal,flying,"['Big Pecks', 'Super Luck', 'Rivalry']",62,77,62,50,42,65,358,0.6,15.0,5,0
Unfezant,Proud Pokémon,normal,flying,"['Big Pecks', 'Super Luck', 'Rivalry']",80,115,80,65,55,93,488,1.2,29.0,5,0
Blitzle,Electrified Pokémon,electric,,"['Lightningrod', 'Motor Drive', 'Sap Sipper']",45,60,32,50,32,76,295,0.8,29.8,5,0
Zebstrika,Thunderbolt Pokémon,electric,,"['Lightningrod', 'Motor Drive', 'Sap Sipper']",75,100,63,80,63,116,497,1.6,79.5,5,0
Roggenrola,Mantle Pokémon,rock,,"['Sturdy', 'Weak Armor', 'Sand Force']",55,75,85,25,25,15,280,0.4,18.0,5,0
Boldore,Ore Pokémon,rock,,"['Sturdy', 'Weak Armor', 'Sand Force']",70,105,105,50,40,20,390,0.9,102.0,5,0
Gigalith,Compressed Pokémon,rock,,"['Sturdy', 'Sand Stream', 'Sand Force']",85,135,130,60,80,25,515,1.7,260.0,5,0
Woobat,Bat Pokémon,psychic,flying,"['Unaware', 'Klutz', 'Simple']",65,45,43,55,43,72,323,0.4,2.1,5,0
Swoobat,Courting Pokémon,psychic,flying,"['Unaware', 'Klutz', 'Simple']",67,57,55,77,55,114,425,0.9,10.5,5,0
Drilbur,Mole Pokémon,ground,,"['Sand Rush', 'Sand Force', 'Mold Breaker']",60,85,40,30,45,68,328,0.3,8.5,5,0
Excadrill,Subterrene Pokémon,ground,steel,"['Sand Rush', 'Sand Force', 'Mold Breaker']",110,135,60,50,65,88,508,0.7,40.4,5,0
Audino,Hearing Pokémon,normal,,"['Healer', 'Regenerator', 'Klutz']",103,60,126,80,126,50,545,1.1,31.0,5,0
Timburr,Muscular Pokémon,fighting,,"['Guts', 'Sheer Force', 'Iron Fist']",75,80,55,25,35,35,305,0.6,12.5,5,0
Gurdurr,Muscular Pokémon,fighting,,"['Guts', 'Sheer Force', 'Iron Fist']",85,105,85,40,50,40,405,1.2,40.0,5,0
Conkeldurr,Muscular Pokémon,fighting,,"['Guts', 'Sheer Force', 'Iron Fist']",105,140,95,55,65,45,505,1.4,87.0,5,0
Tympole,Tadpole Pokémon,water,,"['Swift Swim', 'Hydration', 'Water Absorb']",50,50,40,50,40,64,294,0.5,4.5,5,0
Palpitoad,Vibration Pokémon,water,ground,"['Swift Swim', 'Hydration', 'Water Absorb']",75,65,55,65,55,69,384,0.8,17.0,5,0
Seismitoad,Vibration Pokémon,water,ground,"['Swift Swim', 'Poison Touch', 'Water Absorb']",105,95,75,85,75,74,509,1.5,62.0,5,0
Throh,Judo Pokémon,fighting,,"['Guts', 'Inner Focus', 'Mold Breaker']",120,100,85,30,85,45,465,1.3,55.5,5,0
Sawk,Karate Pokémon,fighting,,"['Sturdy', 'Inner Focus', 'Mold Breaker']",75,125,75,30,75,85,465,1.4,51.0,5,0
Sewaddle,Sewing Pokémon,bug,grass,"['Swarm', 'Chlorophyll', 'Overcoat']",45,53,70,40,60,42,310,0.3,2.5,5,0
Swadloon,Leaf-Wrapped Pokémon,bug,grass,"['Leaf Guard', 'Chlorophyll', 'Overcoat']",55,63,90,50,80,42,380,0.5,7.3,5,0
Leavanny,Nurturing Pokémon,bug,grass,"['Swarm', 'Chlorophyll', 'Overcoat']",75,103,80,70,80,92,500,1.2,20.5,5,0
Venipede,Centipede Pokémon,bug,poison,"['Poison Point', 'Swarm', 'Speed Boost']",30,45,59,30,39,57,260,0.4,5.3,5,0
Whirlipede,Curlipede Pokémon,bug,poison,"['Poison Point', 'Swarm', 'Speed Boost']",40,55,99,40,79,47,360,1.2,58.5,5,0
Scolipede,Megapede Pokémon,bug,poison,"['Poison Point', 'Swarm', 'Speed Boost']",60,100,89,55,69,112,485,2.5,200.5,5,0
Cottonee,Cotton Puff Pokémon,grass,fairy,"['Prankster', 'Infiltrator', 'Chlorophyll']",40,27,60,37,50,66,280,0.3,0.6,5,0
Whimsicott,Windveiled Pokémon,grass,fairy,"['Prankster', 'Infiltrator', 'Chlorophyll']",60,67,85,77,75,116,480,0.7,6.6,5,0
Petilil,Bulb Pokémon,grass,,"['Chlorophyll', 'Own Tempo', 'Leaf Guard']",45,35,50,70,50,30,280,0.5,6.6,5,0
Lilligant,Flowering Pokémon,grass,,"['Chlorophyll', 'Own Tempo', 'Leaf Guard']",70,60,75,110,75,90,480,1.1,16.3,5,0
Basculin,Hostile Pokémon,water,,"['Reckless', 'Rock Head', 'Adaptability', 'Mold Breaker']",70,92,65,80,55,98,460,1.0,18.0,5,0
Sandile,Desert Croc Pokémon,ground,dark,"['Intimidate', 'Moxie', 'Anger Point']",50,72,35,35,35,65,292,0.7,15.2,5,0
Krokorok,Desert Croc Pokémon,ground,dark,"['Intimidate', 'Moxie', 'Anger Point']",60,82,45,45,45,74,351,1.0,33.4,5,0
Krookodile,Intimidation Pokémon,ground,dark,"['Intimidate', 'Moxie', 'Anger Point']",95,117,80,65,70,92,519,1.5,96.3,5,0
Darumaka,Zen Charm Pokémon,fire,,"['Hustle', 'Inner Focus']",70,90,45,15,45,50,315,0.6,37.5,5,0
Darmanitan,Blazing Pokémon,fire,fire,"['Sheer Force', 'Zen Mode']",105,30,105,140,105,55,540,1.3,92.9,5,0
Maractus,Cactus Pokémon,grass,,"['Water Absorb', 'Chlorophyll', 'Storm Drain']",75,86,67,106,67,60,461,1.0,28.0,5,0
Dwebble,Rock Inn Pokémon,bug,rock,"['Sturdy', 'Shell Armor', 'Weak Armor']",50,65,85,35,35,55,325,0.3,14.5,5,0
Crustle,Stone Home Pokémon,bug,rock,"['Sturdy', 'Shell Armor', 'Weak Armor']",70,105,125,65,75,45,485,1.4,200.0,5,0
Scraggy,Shedding Pokémon,dark,fighting,"['Shed Skin', 'Moxie', 'Intimidate']",50,75,70,35,70,48,348,0.6,11.8,5,0
Scrafty,Hoodlum Pokémon,dark,fighting,"['Shed Skin', 'Moxie', 'Intimidate']",65,90,115,45,115,58,488,1.1,30.0,5,0
Sigilyph,Avianoid Pokémon,psychic,flying,"['Wonder Skin ', 'Magic Guard', 'Tinted Lens']",72,58,80,103,80,97,490,1.4,14.0,5,0
Yamask,Spirit Pokémon,ghost,,['Mummy'],38,30,85,55,65,30,303,0.5,1.5,5,0
Cofagrigus,Coffin Pokémon,ghost,,['Mummy'],58,50,145,95,105,30,483,1.7,76.5,5,0
Tirtouga,Prototurtle Pokémon,water,rock,"['Solid Rock', 'Sturdy', 'Swift Swim']",54,78,103,53,45,22,355,0.7,16.5,5,0
Carracosta,Prototurtle Pokémon,water,rock,"['Solid Rock', 'Sturdy', 'Swift Swim']",74,108,133,83,65,32,495,1.2,81.0,5,0
Archen,First Bird Pokémon,rock,flying,['Defeatist'],55,112,45,74,45,70,401,0.5,9.5,5,0
Archeops,First Bird Pokémon,rock,flying,['Defeatist'],75,140,65,112,65,110,567,1.4,32.0,5,0
Trubbish,Trash Bag Pokémon,poison,,"['Stench', 'Sticky Hold', 'Aftermath']",50,50,62,40,62,65,329,0.6,31.0,5,0
Garbodor,Trash Heap Pokémon,poison,,"['Stench', 'Weak Armor', 'Aftermath']",80,95,82,60,82,75,474,1.9,107.3,5,0
Zorua,Tricky Fox Pokémon,dark,,['Illusion'],40,65,40,80,40,65,330,0.7,12.5,5,0
Zoroark,Illusion Fox Pokémon,dark,,['Illusion'],60,105,60,120,60,105,510,1.6,81.1,5,0
Minccino,Chinchilla Pokémon,normal,,"['Cute Charm', 'Technician', 'Skill Link']",55,50,40,40,40,75,300,0.4,5.8,5,0
Cinccino,Scarf Pokémon,normal,,"['Cute Charm', 'Technician', 'Skill Link']",75,95,60,65,60,115,470,0.5,7.5,5,0
Gothita,Fixation Pokémon,psychic,,"['Frisk', 'Competitive', 'Shadow Tag']",45,30,50,55,65,45,290,0.4,5.8,5,0
Gothorita,Manipulate Pokémon,psychic,,"['Frisk', 'Competitive', 'Shadow Tag']",60,45,70,75,85,55,390,0.7,18.0,5,0
Gothitelle,Astral Body Pokémon,psychic,,"['Frisk', 'Competitive', 'Shadow Tag']",70,55,95,95,110,65,490,1.5,44.0,5,0
Solosis,Cell Pokémon,psychic,,"['Overcoat', 'Magic Guard', 'Regenerator']",45,30,40,105,50,20,290,0.3,1.0,5,0
Duosion,Mitosis Pokémon,psychic,,"['Overcoat', 'Magic Guard', 'Regenerator']",65,40,50,125,60,30,370,0.6,8.0,5,0
Reuniclus,Multiplying Pokémon,psychic,,"['Overcoat', 'Magic Guard', 'Regenerator']",110,65,75,125,85,30,490,1.0,20.1,5,0
Ducklett,Water Bird Pokémon,water,flying,"['Keen Eye', 'Big Pecks', 'Hydration']",62,44,50,44,50,55,305,0.5,5.5,5,0
Swanna,White Bird Pokémon,water,flying,"['Keen Eye', 'Big Pecks', 'Hydration']",75,87,63,87,63,98,473,1.3,24.2,5,0
Vanillite,Fresh Snow Pokémon,ice,,"['Ice Body', 'Snow Cloak', 'Weak Armor']",36,50,50,65,60,44,305,0.4,5.7,5,0
Vanillish,Icy Snow Pokémon,ice,,"['Ice Body', 'Snow Cloak', 'Weak Armor']",51,65,65,80,75,59,395,1.1,41.0,5,0
Vanilluxe,Snowstorm Pokémon,ice,,"['Ice Body', 'Snow Warning', 'Weak Armor']",71,95,85,110,95,79,535,1.3,57.5,5,0
Deerling,Season Pokémon,normal,grass,"['Chlorophyll', 'Sap Sipper', 'Serene Grace']",60,60,50,40,50,75,335,0.6,19.5,5,0
Sawsbuck,Season Pokémon,normal,grass,"['Chlorophyll', 'Sap Sipper', 'Serene Grace']",80,100,70,60,70,95,475,1.9,92.5,5,0
Emolga,Sky Squirrel Pokémon,electric,flying,"['Static', 'Motor Drive']",55,75,60,75,60,103,428,0.4,5.0,5,0
Karrablast,Clamping Pokémon,bug,,"['Swarm', 'Shed Skin', 'No Guard']",50,75,45,40,45,60,315,0.5,5.9,5,0
Escavalier,Cavalry Pokémon,bug,steel,"['Swarm', 'Shell Armor', 'Overcoat']",70,135,105,60,105,20,495,1.0,33.0,5,0
Foongus,Mushroom Pokémon,grass,poison,"['Effect Spore', 'Regenerator']",69,55,45,55,55,15,294,0.2,1.0,5,0
Amoonguss,Mushroom Pokémon,grass,poison,"['Effect Spore', 'Regenerator']",114,85,70,85,80,30,464,0.6,10.5,5,0
Frillish,Floating Pokémon,water,ghost,"['Water Absorb', 'Cursed Body', 'Damp']",55,40,50,65,85,40,335,1.2,33.0,5,0
Jellicent,Floating Pokémon,water,ghost,"['Water Absorb', 'Cursed Body', 'Damp']",100,60,70,85,105,60,480,2.2,135.0,5,0
Alomomola,Caring Pokémon,water,,"['Healer', 'Hydration', 'Regenerator']",165,75,80,40,45,65,470,1.2,31.6,5,0
Joltik,Attaching Pokémon,bug,electric,"['Compoundeyes', 'Unnerve', 'Swarm']",50,47,50,57,50,65,319,0.1,0.6,5,0
Galvantula,EleSpider Pokémon,bug,electric,"['Compoundeyes', 'Unnerve', 'Swarm']",70,77,60,97,60,108,472,0.8,14.3,5,0
Ferroseed,Thorn Seed Pokémon,grass,steel,['Iron Barbs'],44,50,91,24,86,10,305,0.6,18.8,5,0
Ferrothorn,Thorn Pod Pokémon,grass,steel,"['Iron Barbs', 'Anticipation']",74,94,131,54,116,20,489,1.0,110.0,5,0
Klink,Gear Pokémon,steel,,"['Plus', 'Minus', 'Clear Body']",40,55,70,45,60,30,300,0.3,21.0,5,0
Klang,Gear Pokémon,steel,,"['Plus', 'Minus', 'Clear Body']",60,80,95,70,85,50,440,0.6,51.0,5,0
Klinklang,Gear Pokémon,steel,,"['Plus', 'Minus', 'Clear Body']",60,100,115,70,85,90,520,0.6,81.0,5,0
Tynamo,EleFish Pokémon,electric,,['Levitate'],35,55,40,45,40,60,275,0.2,0.3,5,0
Eelektrik,EleFish Pokémon,electric,,['Levitate'],65,85,70,75,70,40,405,1.2,22.0,5,0
Eelektross,EleFish Pokémon,electric,,['Levitate'],85,115,80,105,80,50,515,2.1,80.5,5,0
Elgyem,Cerebral Pokémon,psychic,,"['Telepathy', 'Synchronize', 'Analytic']",55,55,55,85,55,30,335,0.5,9.0,5,0
Beheeyem,Cerebral Pokémon,psychic,,"['Telepathy', 'Synchronize', 'Analytic']",75,75,75,125,95,40,485,1.0,34.5,5,0
Litwick,Candle Pokémon,ghost,fire,"['Flash Fire', 'Flame Body', 'Infiltrator']",50,30,55,65,55,20,275,0.3,3.1,5,0
Lampent,Lamp Pokémon,ghost,fire,"['Flash Fire', 'Flame Body', 'Infiltrator']",60,40,60,95,60,55,370,0.6,13.0,5,0
Chandelure,Luring Pokémon,ghost,fire,"['Flash Fire', 'Flame Body', 'Infiltrator']",60,55,90,145,90,80,520,1.0,34.3,5,0
Axew,Tusk Pokémon,dragon,,"['Rivalry', 'Mold Breaker', 'Unnerve']",46,87,60,30,40,57,320,0.6,18.0,5,0
Fraxure,Axe Jaw Pokémon,dragon,,"['Rivalry', 'Mold Breaker', 'Unnerve']",66,117,70,40,50,67,410,1.0,36.0,5,0
Haxorus,Axe Jaw Pokémon,dragon,,"['Rivalry', 'Mold Breaker', 'Unnerve']",76,147,90,60,70,97,540,1.8,105.5,5,0
Cubchoo,Chill Pokémon,ice,,"['Snow Cloak', 'Slush Rush', 'Rattled']",55,70,40,60,40,40,305,0.5,8.5,5,0
Beartic,Freezing Pokémon,ice,,"['Snow Cloak', 'Slush Rush', 'Swift Swim']",95,130,80,70,80,50,505,2.6,260.0,5,0
Cryogonal,Crystallizing Pokémon,ice,,['Levitate'],80,50,50,95,135,105,515,1.1,148.0,5,0
Shelmet,Snail Pokémon,bug,,"['Hydration', 'Shell Armor', 'Overcoat']",50,40,85,40,65,25,305,0.4,7.7,5,0
Accelgor,Shell Out Pokémon,bug,,"['Hydration', 'Sticky Hold', 'Unburden']",80,70,40,100,60,145,495,0.8,25.3,5,0
Stunfisk,Trap Pokémon,ground,electric,"['Static', 'Limber', 'Sand Veil']",109,66,84,81,99,32,471,0.7,11.0,5,0
Mienfoo,Martial Arts Pokémon,fighting,,"['Inner Focus', 'Regenerator', 'Reckless']",45,85,50,55,50,65,350,0.9,20.0,5,0
Mienshao,Martial Arts Pokémon,fighting,,"['Inner Focus', 'Regenerator', 'Reckless']",65,125,60,95,60,105,510,1.4,35.5,5,0
Druddigon,Cave Pokémon,dragon,,"['Rough Skin', 'Sheer Force', 'Mold Breaker']",77,120,90,60,90,48,485,1.6,139.0,5,0
Golett,Automaton Pokémon,ground,ghost,"['Iron Fist', 'Klutz', 'No Guard']",59,74,50,35,50,35,303,1.0,92.0,5,0
Golurk,Automaton Pokémon,ground,ghost,"['Iron Fist', 'Klutz', 'No Guard']",89,124,80,55,80,55,483,2.8,330.0,5,0
Pawniard,Sharp Blade Pokémon,dark,steel,"['Defiant', 'Inner Focus', 'Pressure']",45,85,70,40,40,60,340,0.5,10.2,5,0
Bisharp,Sword Blade Pokémon,dark,steel,"['Defiant', 'Inner Focus', 'Pressure']",65,125,100,60,70,70,490,1.6,70.0,5,0
Bouffalant,Bash Buffalo Pokémon,normal,,"['Reckless', 'Sap Sipper', 'Soundproof']",95,110,95,40,95,55,490,1.6,94.6,5,0
Rufflet,Eaglet Pokémon,normal,flying,"['Keen Eye', 'Sheer Force', 'Hustle']",70,83,50,37,50,60,350,0.5,10.5,5,0
Braviary,Valiant Pokémon,normal,flying,"['Keen Eye', 'Sheer Force', 'Defiant']",100,123,75,57,75,80,510,1.5,41.0,5,0
Vullaby,Diapered Pokémon,dark,flying,"['Big Pecks', 'Overcoat', 'Weak Armor']",70,55,75,45,65,60,370,0.5,9.0,5,0
Mandibuzz,Bone Vulture Pokémon,dark,flying,"['Big Pecks', 'Overcoat', 'Weak Armor']",110,65,105,55,95,80,510,1.2,39.5,5,0
Heatmor,Anteater Pokémon,fire,,"['Gluttony', 'Flash Fire', 'White Smoke']",85,97,66,105,66,65,484,1.4,58.0,5,0
Durant,Iron Ant Pokémon,bug,steel,"['Swarm', 'Hustle', 'Truant']",58,109,112,48,48,109,484,0.3,33.0,5,0
Deino,Irate Pokémon,dark,dragon,['Hustle'],52,65,50,45,50,38,300,0.8,17.3,5,0
Zweilous,Hostile Pokémon,dark,dragon,['Hustle'],72,85,70,65,70,58,420,1.4,50.0,5,0
Hydreigon,Brutal Pokémon,dark,dragon,['Levitate'],92,105,90,125,90,98,600,1.8,160.0,5,0
Larvesta,Torch Pokémon,bug,fire,"['Flame Body', 'Swarm']",55,85,55,50,55,60,360,1.1,28.8,5,0
Volcarona,Sun Pokémon,bug,fire,"['Flame Body', 'Swarm']",85,60,65,135,105,100,550,1.6,46.0,5,0
Cobalion,Iron Will Pokémon,steel,fighting,['Justified'],91,90,129,90,72,108,580,2.1,250.0,5,1
Terrakion,Cavern Pokémon,rock,fighting,['Justified'],91,129,90,72,90,108,580,1.9,260.0,5,1
Virizion,Grassland Pokémon,grass,fighting,['Justified'],91,90,72,90,129,108,580,2.0,200.0,5,1
Tornadus,Cyclone Pokémon,flying,,"['Prankster', 'Defiant', 'Regenerator']",79,100,80,110,90,121,580,1.5,63.0,5,1
Thundurus,Bolt Strike Pokémon,electric,flying,"['Prankster', 'Defiant', 'Volt Absorb']",79,105,70,145,80,101,580,1.5,61.0,5,1
Reshiram,Vast White Pokémon,dragon,fire,['Turboblaze'],100,120,100,150,120,90,680,3.2,330.0,5,1
Zekrom,Deep Black Pokémon,dragon,electric,['Teravolt'],100,150,120,120,100,90,680,2.9,345.0,5,1
Landorus,Abundance Pokémon,ground,flying,"['Sand Force', 'Sheer Force', 'Intimidate']",89,145,90,105,80,91,600,1.5,68.0,5,1
Kyurem,Boundary Pokémon,dragon,ice,"['Pressure', 'Teravolt', 'Turboblaze']",125,120,90,170,100,95,700,3.0,325.0,5,1
Keldeo,Colt Pokémon,water,fighting,['Justified'],91,72,90,129,90,108,580,1.4,48.5,5,1
Meloetta,Melody Pokémon,normal,psychic,['Serene Grace'],100,128,90,77,77,128,600,0.6,6.5,5,1
Genesect,Paleozoic Pokémon,bug,steel,['Download'],71,120,95,120,95,99,600,1.5,82.5,5,1
Chespin,Spiky Nut Pokémon,grass,,"['Overgrow', 'Bulletproof']",56,61,65,48,45,38,313,0.4,9.0,6,0
Quilladin,Spiny Armor Pokémon,grass,,"['Overgrow', 'Bulletproof']",61,78,95,56,58,57,405,0.7,29.0,6,0
Chesnaught,Spiny Armor Pokémon,grass,fighting,"['Overgrow', 'Bulletproof']",88,107,122,74,75,64,530,1.6,90.0,6,0
Fennekin,Fox Pokémon,fire,,"['Blaze', 'Magician']",40,45,40,62,60,60,307,0.4,9.4,6,0
Braixen,Fox Pokémon,fire,,"['Blaze', 'Magician']",59,59,58,90,70,73,409,1.0,14.5,6,0
Delphox,Fox Pokémon,fire,psychic,"['Blaze', 'Magician']",75,69,72,114,100,104,534,1.5,39.0,6,0
Froakie,Bubble Frog Pokémon,water,,"['Torrent', 'Protean']",41,56,40,62,44,71,314,0.3,7.0,6,0
Frogadier,Bubble Frog Pokémon,water,,"['Torrent', 'Protean']",54,63,52,83,56,97,405,0.6,10.9,6,0
Greninja,Ninja Pokémon,water,dark,"['Torrent', 'Protean', 'Battle Bond']",72,145,67,153,71,132,640,1.5,40.0,6,0
Bunnelby,Digging Pokémon,normal,,"['Pickup', 'Cheek Pouch', 'Huge Power']",38,36,38,32,36,57,237,0.4,5.0,6,0
Diggersby,Digging Pokémon,normal,ground,"['Pickup', 'Cheek Pouch', 'Huge Power']",85,56,77,50,77,78,423,1.0,42.4,6,0
Fletchling,Tiny Robin Pokémon,normal,flying,"['Big Pecks', 'Gale Wings']",45,50,43,40,38,62,278,0.3,1.7,6,0
Fletchinder,Ember Pokémon,fire,flying,"['Flame Body', 'Gale Wings']",62,73,55,56,52,84,382,0.7,16.0,6,0
Talonflame,Scorching Pokémon,fire,flying,"['Flame Body', 'Gale Wings']",78,81,71,74,69,126,499,1.2,24.5,6,0
Scatterbug,Scatterdust Pokémon,bug,,"['Shield Dust', 'Compoundeyes', 'Friend Guard']",38,35,40,27,25,35,200,0.3,2.5,6,0
Spewpa,Scatterdust Pokémon,bug,,"['Shed Skin', 'Friend Guard']",45,22,60,27,30,29,213,0.3,8.4,6,0
Vivillon,Scale Pokémon,bug,flying,"['Shield Dust', 'Compoundeyes', 'Friend Guard']",80,52,50,90,50,89,411,1.2,17.0,6,0
Litleo,Lion Cub Pokémon,fire,normal,"['Rivalry', 'Unnerve', 'Moxie']",62,50,58,73,54,72,369,0.6,13.5,6,0
Pyroar,Royal Pokémon,fire,normal,"['Rivalry', 'Unnerve', 'Moxie']",86,68,72,109,66,106,507,1.5,81.5,6,0
Flabébé,Single Bloom Pokémon,fairy,,"['Flower Veil', 'Symbiosis']",44,38,39,61,79,42,303,0.1,0.1,6,0
Floette,Fairy Pokémon,fairy,,"['Flower Veil', 'Symbiosis']",74,65,67,125,128,92,551,0.2,0.9,6,0
Florges,Garden Pokémon,fairy,,"['Flower Veil', 'Symbiosis']",78,65,68,112,154,75,552,1.1,10.0,6,0
Skiddo,Mount Pokémon,grass,,"['Sap Sipper', 'Grass Pelt']",66,65,48,62,57,52,350,0.9,31.0,6,0
Gogoat,Mount Pokémon,grass,,"['Sap Sipper', 'Grass Pelt']",123,100,62,97,81,68,531,1.7,91.0,6,0
Pancham,Playful Pokémon,fighting,,"['Iron Fist', 'Mold Breaker', 'Scrappy']",67,82,62,46,48,43,348,0.6,8.0,6,0
Pangoro,Daunting Pokémon,fighting,dark,"['Iron Fist', 'Mold Breaker', 'Scrappy']",95,124,78,69,71,58,495,2.1,136.0,6,0
Furfrou,Poodle Pokémon,normal,,['Fur Coat'],75,80,60,65,90,102,472,1.2,28.0,6,0
Espurr,Restraint Pokémon,psychic,,"['Keen Eye', 'Infiltrator', 'Own Tempo']",62,48,54,63,60,68,355,0.3,3.5,6,0
Meowstic,Constraint Pokémon,psychic,,"['Keen Eye', 'Infiltrator', 'Prankster', 'Competitive']",74,48,76,83,81,104,466,0.6,8.5,6,0
Honedge,Sword Pokémon,steel,ghost,['No Guard'],45,80,100,35,37,28,325,0.8,2.0,6,0
Doublade,Sword Pokémon,steel,ghost,['No Guard'],59,110,150,45,49,35,448,0.8,4.5,6,0
Aegislash,Royal Sword Pokémon,steel,ghost,['Stance Change'],60,150,50,150,50,60,520,1.7,53.0,6,0
Spritzee,Perfume Pokémon,fairy,,"['Healer', 'Aroma Veil']",78,52,60,63,65,23,341,0.2,0.5,6,0
Aromatisse,Fragrance Pokémon,fairy,,"['Healer', 'Aroma Veil']",101,72,72,99,89,29,462,0.8,15.5,6,0
Swirlix,Cotton Candy Pokémon,fairy,,"['Sweet Veil', 'Unburden']",62,48,66,59,57,49,341,0.4,3.5,6,0
Slurpuff,Meringue Pokémon,fairy,,"['Sweet Veil', 'Unburden']",82,80,86,85,75,72,480,0.8,5.0,6,0
Inkay,Revolving Pokémon,dark,psychic,"['Contrary', 'Suction Cups', 'Infiltrator']",53,54,53,37,46,45,288,0.4,3.5,6,0
Malamar,Overturning Pokémon,dark,psychic,"['Contrary', 'Suction Cups', 'Infiltrator']",86,92,88,68,75,73,482,1.5,47.0,6,0
Binacle,Two-Handed Pokémon,rock,water,"['Tough Claws', 'Sniper', 'Pickpocket']",42,52,67,39,56,50,306,0.5,31.0,6,0
Barbaracle,Collective Pokémon,rock,water,"['Tough Claws', 'Sniper', 'Pickpocket']",72,105,115,54,86,68,500,1.3,96.0,6,0
Skrelp,Mock Kelp Pokémon,poison,water,"['Poison Point', 'Poison Touch', 'Adaptability']",50,60,60,60,60,30,320,0.5,7.3,6,0
Dragalge,Mock Kelp Pokémon,poison,dragon,"['Poison Point', 'Poison Touch', 'Adaptability']",65,75,90,97,123,44,494,1.8,81.5,6,0
Clauncher,Water Gun Pokémon,water,,['Mega Launcher'],50,53,62,58,63,44,330,0.5,8.3,6,0
Clawitzer,Howitzer Pokémon,water,,['Mega Launcher'],71,73,88,120,89,59,500,1.3,35.3,6,0
Helioptile,Generator Pokémon,electric,normal,"['Dry Skin', 'Sand Veil', 'Solar Power']",44,38,33,61,43,70,289,0.5,6.0,6,0
Heliolisk,Generator Pokémon,electric,normal,"['Dry Skin', 'Sand Veil', 'Solar Power']",62,55,52,109,94,109,481,1.0,21.0,6,0
Tyrunt,Royal Heir Pokémon,rock,dragon,"['Strong Jaw', 'Sturdy']",58,89,77,45,45,48,362,0.8,26.0,6,0
Tyrantrum,Despot Pokémon,rock,dragon,"['Strong Jaw', 'Rock Head']",82,121,119,69,59,71,521,2.5,270.0,6,0
Amaura,Tundra Pokémon,rock,ice,"['Refrigerate', 'Snow Warning']",77,59,50,67,63,46,362,1.3,25.2,6,0
Aurorus,Tundra Pokémon,rock,ice,"['Refrigerate', 'Snow Warning']",123,77,72,99,92,58,521,2.7,225.0,6,0
Sylveon,Intertwining Pokémon,fairy,,"['Cute Charm', 'Pixilate']",95,65,65,110,130,60,525,1.0,23.5,6,0
Hawlucha,Wrestling Pokémon,fighting,flying,"['Limber', 'Unburden', 'Mold Breaker']",78,92,75,74,63,118,500,0.8,21.5,6,0
Dedenne,Antenna Pokémon,electric,fairy,"['Cheek Pouch', 'Pickup', 'Plus']",67,58,57,81,67,101,431,0.2,2.2,6,0
Carbink,Jewel Pokémon,rock,fairy,"['Clear Body', 'Sturdy']",50,50,150,50,150,50,500,0.3,5.7,6,0
Goomy,Soft Tissue Pokémon,dragon,,"['Sap Sipper', 'Hydration', 'Gooey']",45,50,35,55,75,40,300,0.3,2.8,6,0
Sliggoo,Soft Tissue Pokémon,dragon,,"['Sap Sipper', 'Hydration', 'Gooey']",68,75,53,83,113,60,452,0.8,17.5,6,0
Goodra,Dragon Pokémon,dragon,,"['Sap Sipper', 'Hydration', 'Gooey']",90,100,70,110,150,80,600,2.0,150.5,6,0
Klefki,Key Ring Pokémon,steel,fairy,"['Prankster', 'Magician']",57,80,91,80,87,75,470,0.2,3.0,6,0
Phantump,Stump Pokémon,ghost,grass,"['Natural Cure', 'Frisk', 'Harvest']",43,70,48,50,60,38,309,0.4,7.0,6,0
Trevenant,Elder Tree Pokémon,ghost,grass,"['Natural Cure', 'Frisk', 'Harvest']",85,110,76,65,82,56,474,1.5,71.0,6,0
Pumpkaboo,Pumpkin Pokémon,ghost,grass,"['Pickup', 'Frisk', 'Insomnia']",59,66,70,44,55,41,335,0.8,15.0,6,0
Gourgeist,Pumpkin Pokémon,ghost,grass,"['Pickup', 'Frisk', 'Insomnia']",85,100,122,58,75,54,494,1.7,39.0,6,0
Bergmite,Ice Chunk Pokémon,ice,,"['Own Tempo', 'Ice Body', 'Sturdy']",55,69,85,32,35,28,304,1.0,99.5,6,0
Avalugg,Iceberg Pokémon,ice,,"['Own Tempo', 'Ice Body', 'Sturdy']",95,117,184,44,46,28,514,2.0,505.0,6,0
Noibat,Sound Wave Pokémon,flying,dragon,"['Frisk', 'Infiltrator', 'Telepathy']",40,30,35,45,40,55,245,0.5,8.0,6,0
Noivern,Sound Wave Pokémon,flying,dragon,"['Frisk', 'Infiltrator', 'Telepathy']",85,70,80,97,80,123,535,1.5,85.0,6,0
Xerneas,Life Pokémon,fairy,,['Fairy Aura'],126,131,95,131,98,99,680,3.0,215.0,6,1
Yveltal,Destruction Pokémon,dark,flying,['Dark Aura'],126,131,95,131,98,99,680,5.8,203.0,6,1
Zygarde,Order Pokémon,dragon,ground,"['Aura Break', 'Power Construct']",216,100,121,91,95,85,708,5.0,284.6,6,1
Diancie,Jewel Pokémon,rock,fairy,['Clear Body'],50,160,110,160,110,110,700,0.7,8.8,6,1
Hoopa,Mischief Pokémon (Confined)Djinn Pokémonn (Unbound),psychic,ghost,['Magician'],80,160,60,170,130,80,680,,,6,1
Volcanion,Steam Pokémon,fire,water,['Water Absorb'],80,110,120,130,90,70,600,1.7,195.0,6,1
Rowlet,Grass Quill Pokémon,grass,flying,"['Overgrow', 'Long Reach']",68,55,55,50,50,42,320,0.3,1.5,7,0
Dartrix,Blade Quill Pokémon,grass,flying,"['Overgrow', 'Long Reach']",78,75,75,70,70,52,420,0.7,16.0,7,0
Decidueye,Arrow Quill Pokémon,grass,ghost,"['Overgrow', 'Long Reach']",78,107,75,100,100,70,530,1.6,36.6,7,0
Litten,Fire Cat Pokémon,fire,,"['Blaze', 'Intimidate']",45,65,40,60,40,70,320,0.4,4.3,7,0
Torracat,Fire Cat Pokémon,fire,,"['Blaze', 'Intimidate']",65,85,50,80,50,90,420,0.7,25.0,7,0
Incineroar,Heel Pokémon,fire,dark,"['Blaze', 'Intimidate']",95,115,90,80,90,60,530,1.8,83.0,7,0
Popplio,Sea Lion Pokémon,water,,"['Torrent', 'Liquid Voice']",50,54,54,66,56,40,320,0.4,7.5,7,0
Brionne,Pop Star Pokémon,water,,"['Torrent', 'Liquid Voice']",60,69,69,91,81,50,420,0.6,17.5,7,0
Primarina,Soloist Pokémon,water,fairy,"['Torrent', 'Liquid Voice']",80,74,74,126,116,60,530,1.8,44.0,7,0
Pikipek,Woodpecker Pokémon,normal,flying,"['Keen Eye', 'Skill Link', 'Pickup']",35,75,30,30,30,65,265,0.3,1.2,7,0
Trumbeak,Bugle Beak Pokémon,normal,flying,"['Keen Eye', 'Skill Link', 'Pickup']",55,85,50,40,50,75,355,0.6,14.8,7,0
Toucannon,Cannon Pokémon,normal,flying,"['Keen Eye', 'Skill Link', 'Sheer Force']",80,120,75,75,75,60,485,1.1,26.0,7,0
Yungoos,Loitering Pokémon,normal,,"['Stakeout', 'Strong Jaw', 'Adaptability']",48,70,30,30,30,45,253,0.4,6.0,7,0
Gumshoos,Stakeout Pokémon,normal,,"['Stakeout', 'Strong Jaw', 'Adaptability']",88,110,60,55,60,45,418,0.7,14.2,7,0
Grubbin,Larva Pokémon,bug,,['Swarm'],47,62,45,55,45,46,300,0.4,4.4,7,0
Charjabug,Battery Pokémon,bug,electric,['Battery'],57,82,95,55,75,36,400,0.5,10.5,7,0
Vikavolt,Stag Beetle Pokémon,bug,electric,['Levitate'],77,70,90,145,75,43,500,1.5,45.0,7,0
Crabrawler,Boxing Pokémon,fighting,,"['Hyper Cutter', 'Iron Fist', 'Anger Point']",47,82,57,42,47,63,338,0.6,7.0,7,0
Crabominable,Woolly Crab Pokémon,fighting,ice,"['Hyper Cutter', 'Iron Fist', 'Anger Point']",97,132,77,62,67,43,478,1.7,180.0,7,0
Oricorio,Dancing Pokémon,fire,flying,['Dancer'],75,70,70,98,70,93,476,0.6,3.4,7,0
Cutiefly,Bee Fly Pokémon,bug,fairy,"['Honey Gather', 'Shield Dust', 'Sweet Veil']",40,45,40,55,40,84,304,0.1,0.2,7,0
Ribombee,Bee Fly Pokémon,bug,fairy,"['Honey Gather', 'Shield Dust', 'Sweet Veil']",60,55,60,95,70,124,464,0.2,0.5,7,0
Rockruff,Puppy Pokémon,rock,,"['Keen Eye', 'Vital Spirit', 'Steadfast']",45,65,40,30,40,60,280,0.5,9.2,7,0
Lycanroc,Wolf Pokémon,rock,,"['Keen Eye', 'Sand Rush', 'Steadfast', 'Keen Eye', 'Vital Spirit', 'No Guard']",85,115,75,55,75,82,487,,,7,0
Wishiwashi,Small Fry Pokémon,water,,['Schooling'],45,140,130,140,135,30,620,0.2,0.3,7,0
Mareanie,Brutal Star Pokémon,poison,water,"['Merciless', 'Limber', 'Regenerator']",50,53,62,43,52,45,305,0.4,8.0,7,0
Toxapex,Brutal Star Pokémon,poison,water,"['Merciless', 'Limber', 'Regenerator']",50,63,152,53,142,35,495,0.7,14.5,7,0
Mudbray,Donkey Pokémon,ground,,"['Own Tempo', 'Stamina', 'Inner Focus']",70,100,70,45,55,45,385,1.0,110.0,7,0
Mudsdale,Draft Horse Pokémon,ground,,"['Own Tempo', 'Stamina', 'Inner Focus']",100,125,100,55,85,35,500,2.5,920.0,7,0
Dewpider,Water Bubble Pokémon,water,bug,"['Water Bubble', 'Water Absorb']",38,40,52,40,72,27,269,0.3,4.0,7,0
Araquanid,Water Bubble Pokémon,water,bug,"['Water Bubble', 'Water Absorb']",68,70,92,50,132,42,454,1.8,82.0,7,0
Fomantis,Sickle Grass Pokémon,grass,,"['Leaf Guard', 'Contrary']",40,55,35,50,35,35,250,0.3,1.5,7,0
Lurantis,Bloom Sickle Pokémon,grass,,"['Leaf Guard', 'Contrary']",70,105,90,80,90,45,480,0.9,18.5,7,0
Morelull,Illuminating Pokémon,grass,fairy,"['Illuminate', 'Effect Spore', 'Rain Dish']",40,35,55,65,75,15,285,0.2,1.5,7,0
Shiinotic,Illuminating Pokémon,grass,fairy,"['Illuminate', 'Effect Spore', 'Rain Dish']",60,45,80,90,100,30,405,1.0,11.5,7,0
Salandit,Toxic Lizard Pokémon,poison,fire,"['Corrosion', 'Oblivious']",48,44,40,71,40,77,320,0.6,4.8,7,0
Salazzle,Toxic Lizard Pokémon,poison,fire,"['Corrosion', 'Oblivious']",68,64,60,111,60,117,480,1.2,22.2,7,0
Stufful,Flailing Pokémon,normal,fighting,"['Fluffy', 'Klutz', 'Cute Charm']",70,75,50,45,50,50,340,0.5,6.8,7,0
Bewear,Strong Arm Pokémon,normal,fighting,"['Fluffy', 'Klutz', 'Unnerve']",120,125,80,55,60,60,500,2.1,135.0,7,0
Bounsweet,Fruit Pokémon,grass,,"['Leaf Guard', 'Oblivious', 'Sweet Veil']",42,30,38,30,38,32,210,0.3,3.2,7,0
Steenee,Fruit Pokémon,grass,,"['Leaf Guard', 'Oblivious', 'Sweet Veil']",52,40,48,40,48,62,290,0.7,8.2,7,0
Tsareena,Fruit Pokémon,grass,,"['Leaf Guard', 'Queenly Majesty', 'Sweet Veil']",72,120,98,50,98,72,510,1.2,21.4,7,0
Comfey,Posy Picker Pokémon,fairy,,"['Flower Veil', 'Triage', 'Natural Cure']",51,52,90,82,110,100,485,0.1,0.3,7,0
Oranguru,Sage Pokémon,normal,psychic,"['Inner Focus', 'Telepathy', 'Symbiosis']",90,60,80,90,110,60,490,1.5,76.0,7,0
Passimian,Teamwork Pokémon,fighting,,"['Receiver', 'Defiant']",100,120,90,40,60,80,490,2.0,82.8,7,0
Wimpod,Turn Tail Pokémon,bug,water,['Wimp Out'],25,35,40,20,30,80,230,0.5,12.0,7,0
Golisopod,Hard Scale Pokémon,bug,water,['Emergency Exit'],75,125,140,60,90,40,530,2.0,108.0,7,0
Sandygast,Sand Heap Pokémon,ghost,ground,"['Water Compaction', 'Sand Veil']",55,55,80,70,45,15,320,0.5,70.0,7,0
Palossand,Sand Castle Pokémon,ghost,ground,"['Water Compaction', 'Sand Veil']",85,75,110,100,75,35,480,1.3,250.0,7,0
Pyukumuku,Sea Cucumber Pokémon,water,,"['Innards Out', 'Unaware']",55,60,130,30,130,5,410,0.3,1.2,7,0
Type: Null,Synthetic Pokémon,normal,,['Battle Armor'],95,95,95,95,95,59,534,1.9,120.5,7,0
Silvally,Synthetic Pokémon,normal,,['RKS System'],95,95,95,95,95,95,570,2.3,100.5,7,0
Minior,Meteor Pokémon,rock,flying,['Shields Down'],60,100,60,100,60,120,500,0.3,40.0,7,0
Komala,Drowsing Pokémon,normal,,['Comatose'],65,115,65,75,95,65,480,0.4,19.9,7,0
Turtonator,Blast Turtle Pokémon,fire,dragon,['Shell Armor'],60,78,135,91,85,36,485,2.0,212.0,7,0
Togedemaru,Roly-Poly Pokémon,electric,steel,"['Iron Barbs', 'Lightningrod', 'Sturdy']",65,98,63,40,73,96,435,0.3,3.3,7,0
Mimikyu,Disguise Pokémon,ghost,fairy,['Disguise'],55,90,80,50,105,96,476,0.2,0.7,7,0
Bruxish,Gnash Teeth Pokémon,water,psychic,"['Dazzling', 'Strong Jaw', 'Wonder Skin ']",68,105,70,70,70,92,475,0.9,19.0,7,0
Drampa,Placid Pokémon,normal,dragon,"['Berserk', 'Sap Sipper', 'Cloud Nine']",78,60,85,135,91,36,485,3.0,185.0,7,0
Dhelmise,Sea Creeper Pokémon,ghost,grass,['Steelworker'],70,131,100,86,90,40,517,3.9,210.0,7,0
Jangmo-o,Scaly Pokémon,dragon,,"['Bulletproof', 'Soundproof', 'Overcoat']",45,55,65,45,45,45,300,0.6,29.7,7,0
Hakamo-o,Scaly Pokémon,dragon,fighting,"['Bulletproof', 'Soundproof', 'Overcoat']",55,75,90,65,70,65,420,1.2,47.0,7,0
Kommo-o,Scaly Pokémon,dragon,fighting,"['Bulletproof', 'Soundproof', 'Overcoat']",75,110,125,100,105,85,600,1.6,78.2,7,0
Tapu Koko,Land Spirit Pokémon,electric,fairy,"['Electric Surge', 'Telepathy']",70,115,85,95,75,130,570,1.8,20.5,7,1
Tapu Lele,Land Spirit Pokémon,psychic,fairy,"['Psychic Surge', 'Telepathy']",70,85,75,130,115,95,570,1.2,18.6,7,1
Tapu Bulu,Land Spirit Pokémon,grass,fairy,"['Grassy Surge', 'Telepathy']",70,130,115,85,95,75,570,1.9,45.5,7,1
Tapu Fini,Land Spirit Pokémon,water,fairy,"['Misty Surge', 'Telepathy']",70,75,115,95,130,85,570,1.3,21.2,7,1
Cosmog,Nebula Pokémon,psychic,,['Unaware'],43,29,31,29,31,37,200,0.2,0.1,7,1
Cosmoem,Protostar Pokémon,psychic,,['Sturdy'],43,29,131,29,131,37,400,0.1,999.9,7,1
Solgaleo,Sunne Pokémon,psychic,steel,['Full Metal Body'],137,137,107,113,89,97,680,3.4,230.0,7,1
Lunala,Moone Pokémon,psychic,ghost,['Shadow Shield'],137,113,89,137,107,97,680,4.0,120.0,7,1
Nihilego,Parasite Pokémon,rock,poison,['Beast Boost'],109,53,47,127,131,103,570,1.2,55.5,7,1
Buzzwole,Swollen Pokémon,bug,fighting,['Beast Boost'],107,139,139,53,53,79,570,2.4,333.6,7,1
Pheromosa,Lissome Pokémon,bug,fighting,['Beast Boost'],71,137,37,137,37,151,570,1.8,25.0,7,1
Xurkitree,Glowing Pokémon,electric,,['Beast Boost'],83,89,71,173,71,83,570,3.8,100.0,7,1
Celesteela,Launch Pokémon,steel,flying,['Beast Boost'],97,101,103,107,101,61,570,9.2,999.9,7,1
Kartana,Drawn Sword Pokémon,grass,steel,['Beast Boost'],59,181,131,59,31,109,570,0.3,0.1,7,1
Guzzlord,Junkivore Pokémon,dark,dragon,['Beast Boost'],223,101,53,97,53,43,570,5.5,888.0,7,1
Necrozma,Prism Pokémon,psychic,,['Prism Armor'],97,107,101,127,89,79,600,2.4,230.0,7,1
Magearna,Artificial Pokémon,steel,fairy,['Soul-Heart'],80,95,115,130,115,65,600,1.0,80.5,7,1
